query,token,pos
경주 여행,경북,NNP
경주 여행,경북,NNP
경주 여행,인왕동,NNP
경주 여행,경북,NNP
경주 여행,우리,NP
경주 여행,경북,NNP
경주 여행,불국사,NNP
경주 여행,보문호,NNP
경주 여행,활산,NNP
경주 여행,경북,NNP
경주 여행,당신,NP
경주 여행,양동,NNP
경주 여행,양동,NNP
경주 여행,경상북도,NNP
경주 여행,강동면,NNP
경주 여행,양동,NNP
경주 여행,경상북도,NNP
경주 여행,강동면,NNP
경주 여행,경북,NNP
경주 여행,당신,NP
경주 여행,안압지,NNP
경주 여행,신라,NNP
경주 여행,버드,NNP
경주 여행,버드,NNP
경주 여행,경북,NNP
경주 여행,북군동,NNP
경주 여행,울산,NNP
경주 여행,특구,NNP
경주 여행,울산,NNP
경주 여행,불국사,NNP
경주 여행,알라딘,NNP
경주 여행,강릉,NNP
경주 여행,강릉,NNP
경주 여행,비향,NNP
경주 여행,알라딘,NNP
경주 여행,무웅,NNP
경주 여행,신라,NNP
경주 여행,이동은,NNP
경주 여행,포석정,NNP
경주 여행,안압지,NNP
경주 여행,알라딘,NNP
경주 여행,감포,NNP
경주 여행,경북,NNP
경주 여행,읍천항,NNP
경주 여행,제주도,NNP
경주 여행,읍천항,NNP
경주 여행,읍천항,NNP
경주 여행,황오,NNP
경주 여행,황오,NNP
경주 여행,저희,NP
경주 여행,알라딘,NNP
경주 여행,서재,NNP
경주 여행,알라딘,NNP
경주 여행,장소라,NNP
경주 여행,알라딘,NNP
경주 여행,신라,NNP
경주 여행,노천온천,NNP
경주 여행,경상도,NNP
경주 여행,밀면,NNP
경주 여행,보문호,NNP
경주 여행,동방역,NNP
경주 여행,경북,NNP
경주 여행,동방역,NNP
경주 여행,경북,NNP
경주 여행,안압지,NNP
경주 여행,계림,NNP
경주 여행,월지,NNP
경주 여행,안압지,NNP
경주 여행,김유신,NNP
경주 여행,알라딘,NNP
경주 여행,알라딘,NNP
경주 여행,시티투어,NNP
경주 여행,워시,NNP
경주 여행,경북,NNP
경주 여행,현대,NNP
경주 여행,보문,NNP
경주 여행,보문관광단지,NNP
경주 여행,보문호,NNP
경주 여행,신라,NNP
경주 여행,경북,NNP
경주 여행,신평동,NNP
경주 여행,우리,NP
경주 여행,송국영,NNP
경주 여행,안종,NNP
경주 여행,송진주,NNP
경주 여행,김홍식,NNP
경주 여행,김연우,NNP
경주 여행,연주,NNP
경주 여행,조광민,NNP
경주 여행,경북,NNP
경주 여행,트레,NNP
경주 여행,트레,NNP
경주 여행,경북,NNP
경주 여행,안압지,NNP
경주 여행,안압지,NNP
경주 여행,훌리아,NNP
경주 여행,신라,NNP
경주 여행,육월,NNP
경주 여행,돌담길,NNP
경주 여행,경북,NNP
경주 여행,노서동,NNP
경주 여행,알라딘,NNP
경주 여행,경상북도,NNP
경주 여행,황남동,NNP
경주 여행,키워드,NNP
경주 여행,키워드,NNP
경주 여행,불국사,NNP
경주 여행,서울,NNP
경주 여행,불국사,NNP
경주 여행,불국사,NNP
경주 여행,불국사,NNP
경주 여행,경북,NNP
경주 여행,메카,NNP
경주 여행,불국사,NNP
경주 여행,카페,NNP
경주 여행,아덴,NNP
경주 여행,카페,NNP
경주 여행,아덴,NNP
경주 여행,경북,NNP
경주 여행,아덴,NNP
경주 여행,시그,NNP
경주 여행,알라딘,NNP
경주 여행,알라딘,NNP
경주 여행,서재,NNP
경주 여행,서울,NNP
경주 여행,슈만,NNP
경주 여행,클라라,NNP
경주 여행,슈만,NNP
경주 여행,클라라,NNP
경주 여행,요기,NP
경주 여행,여기,NP
경주 여행,저희,NP
경주 여행,포스팅,NNP
경주 여행,한옥,NNP
경주 여행,여기,NP
경주 여행,그곳,NP
경주 여행,쥬얼,NNP
경주 여행,불국사,NNP
경주 여행,여기,NP
경주 여행,신라,NNP
경주 여행,신라,NNP
경주 여행,울주,NNP
경주 여행,예쁘다,NNP
경주 여행,울주,NNP
경주 여행,알라딘,NNP
경주 여행,우리,NP
경주 여행,우리,NP
경주 여행,박광일,NNP
경주 여행,알라딘,NNP
경주 여행,힐튼,NNP
경주 여행,스콘,NNP
경주 여행,이곳,NP
경주 여행,알라딘,NNP
경주 여행,우리,NP
경주 여행,우리,NP
경주 여행,박광일,NNP
경주 여행,알라딘,NNP
경주 여행,알라딘,NNP
경주 여행,알라딘,NNP
경주 여행,알라딘,NNP
경주 여행,우리,NP
경주 여행,둘레길,NNP
경주 여행,불국사,NNP
경주 여행,황남빵,NNP
경주 여행,불국사,NNP
경주 여행,황남빵,NNP
경주 여행,울산,NNP
경주 여행,울산,NNP
경주 여행,알라딘,NNP
경주 여행,알라딘,NNP
경주 여행,새송이,NNP
경주 여행,남산,NNP
경주 여행,케이트,NNP
경주 여행,서라벌,NNP
경주 여행,통일전,NNP
경주 여행,삼층석탑,NNP
경주 여행,여기,NP
경주 여행,알라딘,NNP
경주 여행,대능원,NNP
경주 여행,안압지,NNP
경주 여행,힐튼,NNP
경주 여행,한국,NNP
경주 여행,서울,NNP
경주 여행,두산,NNP
경주 여행,미국,NNP
경주 여행,토함산,NNP
경주 여행,불국사,NNP
경주 여행,토함산,NNP
경주 여행,신라,NNP
경주 여행,경북,NNP
경주 여행,경북,NNP
경주 여행,교촌,NNP
경주 여행,경북,NNP
경주 여행,불국사역,NNP
경주 여행,무궁화호,NNP
경주 여행,어디,NP
경주 여행,서울,NNP
경주 여행,대전,NNP
경주 여행,알라딘,NNP
경주 여행,코로나,NNP
경주 여행,고속도로,NNP
경주 여행,한우구,NNP
경주 여행,언양,NNP
경주 여행,노천온천,NNP
경주 여행,알라딘,NNP
경주 여행,알라딘,NNP
경주 여행,코로나,NNP
경주 여행,알라딘,NNP
경주 여행,에도,NNP
경주 여행,에도,NNP
경주 여행,아시나,NNP
경주 여행,통일전,NNP
경주 여행,알라딘,NNP
경주 여행,알라딘,NNP
경주 여행,경북,NNP
경주 여행,경북,NNP
경주 여행,인왕동,NNP
경주 여행,경북,NNP
경주 여행,불국사,NNP
경주 여행,울산,NNP
경주 여행,특구,NNP
경주 여행,울산,NNP
경주 여행,경북,NNP
경주 여행,당신,NP
경주 여행,경북,NNP
경주 여행,불국사,NNP
경주 여행,보문호,NNP
경주 여행,활산,NNP
경주 여행,경북,NNP
경주 여행,당신,NP
경주 여행,우리,NP
경주 여행,버드,NNP
경주 여행,버드,NNP
경주 여행,경북,NNP
경주 여행,북군동,NNP
경주 여행,안압지,NNP
경주 여행,신라,NNP
경주 여행,양동,NNP
경주 여행,양동,NNP
경주 여행,경상북도,NNP
경주 여행,강동면,NNP
경주 여행,양동,NNP
경주 여행,경상북도,NNP
경주 여행,강동면,NNP
경주 여행,알라딘,NNP
경주 여행,강릉,NNP
경주 여행,강릉,NNP
경주 여행,비향,NNP
경주 여행,이동은,NNP
경주 여행,포석정,NNP
경주 여행,안압지,NNP
경주 여행,알라딘,NNP
경주 여행,무웅,NNP
경주 여행,신라,NNP
경주 여행,감포,NNP
경주 여행,경북,NNP
경주 여행,알라딘,NNP
경주 여행,알라딘,NNP
경주 여행,서재,NNP
경주 여행,황오,NNP
경주 여행,황오,NNP
경주 여행,저희,NP
경주 여행,읍천항,NNP
경주 여행,제주도,NNP
경주 여행,읍천항,NNP
경주 여행,읍천항,NNP
경주 여행,안압지,NNP
경주 여행,알라딘,NNP
경주 여행,신라,NNP
경주 여행,노천온천,NNP
경주 여행,경상도,NNP
경주 여행,밀면,NNP
경주 여행,보문호,NNP
경주 여행,동방역,NNP
경주 여행,경북,NNP
경주 여행,동방역,NNP
경주 여행,경북,NNP
경주 여행,안압지,NNP
경주 여행,계림,NNP
경주 여행,월지,NNP
경주 여행,안압지,NNP
경주 여행,김유신,NNP
경주 여행,알라딘,NNP
경주 여행,알라딘,NNP
경주 여행,시티투어,NNP
경주 여행,워시,NNP
경주 여행,경북,NNP
경주 여행,현대,NNP
경주 여행,보문,NNP
경주 여행,보문관광단지,NNP
경주 여행,보문호,NNP
경주 여행,신라,NNP
경주 여행,경북,NNP
경주 여행,신평동,NNP
경주 여행,우리,NP
경주 여행,송국영,NNP
경주 여행,안종,NNP
경주 여행,송진주,NNP
경주 여행,김홍식,NNP
경주 여행,김연우,NNP
경주 여행,연주,NNP
경주 여행,조광민,NNP
경주 여행,경북,NNP
경주 여행,트레,NNP
경주 여행,트레,NNP
경주 여행,경북,NNP
경주 여행,경북,NNP
경주 여행,노서동,NNP
경주 여행,신라,NNP
경주 여행,육월,NNP
경주 여행,돌담길,NNP
경주 여행,안압지,NNP
경주 여행,안압지,NNP
경주 여행,훌리아,NNP
경주 여행,알라딘,NNP
경주 여행,불국사,NNP
경주 여행,서울,NNP
경주 여행,불국사,NNP
경주 여행,불국사,NNP
경주 여행,경상북도,NNP
경주 여행,황남동,NNP
경주 여행,키워드,NNP
경주 여행,키워드,NNP
경주 여행,불국사,NNP
경주 여행,경북,NNP
경주 여행,메카,NNP
경주 여행,불국사,NNP
경주 여행,카페,NNP
경주 여행,아덴,NNP
경주 여행,카페,NNP
경주 여행,아덴,NNP
경주 여행,경북,NNP
경주 여행,아덴,NNP
경주 여행,시그,NNP
경주 여행,알라딘,NNP
경주 여행,알라딘,NNP
경주 여행,서재,NNP
경주 여행,서울,NNP
경주 여행,저희,NP
경주 여행,포스팅,NNP
경주 여행,한옥,NNP
경주 여행,여기,NP
경주 여행,그곳,NP
경주 여행,쥬얼,NNP
경주 여행,슈만,NNP
경주 여행,클라라,NNP
경주 여행,슈만,NNP
경주 여행,클라라,NNP
경주 여행,요기,NP
경주 여행,여기,NP
경주 여행,불국사,NNP
경주 여행,울주,NNP
경주 여행,예쁘다,NNP
경주 여행,울주,NNP
경주 여행,여기,NP
경주 여행,신라,NNP
경주 여행,신라,NNP
경주 여행,알라딘,NNP
경주 여행,우리,NP
경주 여행,우리,NP
경주 여행,박광일,NNP
경주 여행,알라딘,NNP
경주 여행,알라딘,NNP
경주 여행,우리,NP
경주 여행,우리,NP
경주 여행,박광일,NNP
경주 여행,힐튼,NNP
경주 여행,스콘,NNP
경주 여행,이곳,NP
경주 여행,알라딘,NNP
경주 여행,알라딘,NNP
경주 여행,알라딘,NNP
경주 여행,알라딘,NNP
경주 여행,우리,NP
경주 여행,둘레길,NNP
경주 여행,불국사,NNP
경주 여행,황남빵,NNP
경주 여행,불국사,NNP
경주 여행,황남빵,NNP
경주 여행,울산,NNP
경주 여행,울산,NNP
경주 여행,알라딘,NNP
경주 여행,알라딘,NNP
경주 여행,새송이,NNP
경주 여행,남산,NNP
경주 여행,케이트,NNP
경주 여행,서라벌,NNP
경주 여행,통일전,NNP
경주 여행,삼층석탑,NNP
경주 여행,여기,NP
경주 여행,알라딘,NNP
경주 여행,대능원,NNP
경주 여행,안압지,NNP
경주 여행,힐튼,NNP
경주 여행,한국,NNP
경주 여행,서울,NNP
경주 여행,두산,NNP
경주 여행,미국,NNP
경주 여행,토함산,NNP
경주 여행,불국사,NNP
경주 여행,토함산,NNP
경주 여행,신라,NNP
경주 여행,경북,NNP
경주 여행,경북,NNP
경주 여행,교촌,NNP
경주 여행,경북,NNP
경주 여행,불국사역,NNP
경주 여행,무궁화호,NNP
경주 여행,어디,NP
경주 여행,서울,NNP
경주 여행,대전,NNP
경주 여행,알라딘,NNP
경주 여행,알라딘,NNP
경주 여행,알라딘,NNP
경주 여행,코로나,NNP
경주 여행,고속도로,NNP
경주 여행,한우구,NNP
경주 여행,언양,NNP
경주 여행,노천온천,NNP
경주 여행,알라딘,NNP
경주 여행,에도,NNP
경주 여행,에도,NNP
경주 여행,아시나,NNP
경주 여행,통일전,NNP
경주 여행,알라딘,NNP
경주 여행,알라딘,NNP
경주 여행,코로나,NNP
경주 여행,울산,NNP
경주 여행,특구,NNP
경주 여행,울산,NNP
경주 여행,불국사,NNP
경주 여행,우리,NP
경주 여행,안압지,NNP
경주 여행,신라,NNP
경주 여행,경북,NNP
경주 여행,불국사,NNP
경주 여행,경북,NNP
경주 여행,당신,NP
경주 여행,경북,NNP
경주 여행,당신,NP
경주 여행,양동,NNP
경주 여행,양동,NNP
경주 여행,경상북도,NNP
경주 여행,강동면,NNP
경주 여행,양동,NNP
경주 여행,경상북도,NNP
경주 여행,강동면,NNP
경주 여행,보문호,NNP
경주 여행,활산,NNP
경주 여행,버드,NNP
경주 여행,버드,NNP
경주 여행,경북,NNP
경주 여행,북군동,NNP
경주 여행,알라딘,NNP
경주 여행,강릉,NNP
경주 여행,강릉,NNP
경주 여행,비향,NNP
경주 여행,이동은,NNP
경주 여행,포석정,NNP
경주 여행,안압지,NNP
경주 여행,알라딘,NNP
경주 여행,무웅,NNP
경주 여행,신라,NNP
경주 여행,감포,NNP
경주 여행,경북,NNP
경주 여행,알라딘,NNP
경주 여행,알라딘,NNP
경주 여행,서재,NNP
경주 여행,황오,NNP
경주 여행,황오,NNP
경주 여행,저희,NP
경주 여행,읍천항,NNP
경주 여행,제주도,NNP
경주 여행,읍천항,NNP
경주 여행,읍천항,NNP
경주 여행,불국사,NNP
경주 여행,불국사,NNP
경주 여행,불국사,NNP
경주 여행,우리,NP
경주 여행,안압지,NNP
경주 여행,알라딘,NNP
경주 여행,신라,NNP
경주 여행,노천온천,NNP
경주 여행,경상도,NNP
경주 여행,밀면,NNP
경주 여행,보문호,NNP
경주 여행,동방역,NNP
경주 여행,경북,NNP
경주 여행,동방역,NNP
경주 여행,경북,NNP
경주 여행,안압지,NNP
경주 여행,계림,NNP
경주 여행,월지,NNP
경주 여행,안압지,NNP
경주 여행,김유신,NNP
경주 여행,알라딘,NNP
경주 여행,알라딘,NNP
경주 여행,시티투어,NNP
경주 여행,워시,NNP
경주 여행,경북,NNP
경주 여행,현대,NNP
경주 여행,보문,NNP
경주 여행,보문관광단지,NNP
경주 여행,보문호,NNP
경주 여행,신라,NNP
경주 여행,경북,NNP
경주 여행,신평동,NNP
경주 여행,우리,NP
경주 여행,송국영,NNP
경주 여행,안종,NNP
경주 여행,송진주,NNP
경주 여행,김홍식,NNP
경주 여행,김연우,NNP
경주 여행,연주,NNP
경주 여행,조광민,NNP
경주 여행,경북,NNP
경주 여행,트레,NNP
경주 여행,트레,NNP
경주 여행,경북,NNP
경주 여행,신라,NNP
경주 여행,육월,NNP
경주 여행,돌담길,NNP
경주 여행,경북,NNP
경주 여행,노서동,NNP
경주 여행,안압지,NNP
경주 여행,안압지,NNP
경주 여행,훌리아,NNP
경주 여행,알라딘,NNP
경주 여행,불국사,NNP
경주 여행,서울,NNP
경주 여행,불국사,NNP
경주 여행,불국사,NNP
경주 여행,경상북도,NNP
경주 여행,황남동,NNP
경주 여행,키워드,NNP
경주 여행,키워드,NNP
경주 여행,불국사,NNP
경주 여행,경북,NNP
경주 여행,메카,NNP
경주 여행,불국사,NNP
경주 여행,카페,NNP
경주 여행,아덴,NNP
경주 여행,카페,NNP
경주 여행,아덴,NNP
경주 여행,경북,NNP
경주 여행,아덴,NNP
경주 여행,시그,NNP
경주 여행,알라딘,NNP
경주 여행,알라딘,NNP
경주 여행,서재,NNP
경주 여행,서울,NNP
경주 여행,저희,NP
경주 여행,포스팅,NNP
경주 여행,한옥,NNP
경주 여행,쥬얼,NNP
경주 여행,여기,NP
경주 여행,그곳,NP
경주 여행,슈만,NNP
경주 여행,클라라,NNP
경주 여행,슈만,NNP
경주 여행,클라라,NNP
경주 여행,요기,NP
경주 여행,여기,NP
경주 여행,불국사,NNP
경주 여행,울주,NNP
경주 여행,예쁘다,NNP
경주 여행,울주,NNP
경주 여행,여기,NP
경주 여행,신라,NNP
경주 여행,신라,NNP
경주 여행,알라딘,NNP
경주 여행,우리,NP
경주 여행,우리,NP
경주 여행,박광일,NNP
경주 여행,알라딘,NNP
경주 여행,알라딘,NNP
경주 여행,우리,NP
경주 여행,우리,NP
경주 여행,박광일,NNP
경주 여행,힐튼,NNP
경주 여행,스콘,NNP
경주 여행,이곳,NP
경주 여행,알라딘,NNP
경주 여행,알라딘,NNP
경주 여행,알라딘,NNP
경주 여행,우리,NP
경주 여행,알라딘,NNP
경주 여행,둘레길,NNP
경주 여행,불국사,NNP
경주 여행,황남빵,NNP
경주 여행,불국사,NNP
경주 여행,황남빵,NNP
경주 여행,울산,NNP
경주 여행,울산,NNP
경주 여행,알라딘,NNP
경주 여행,알라딘,NNP
경주 여행,새송이,NNP
경주 여행,남산,NNP
경주 여행,케이트,NNP
경주 여행,서라벌,NNP
경주 여행,통일전,NNP
경주 여행,삼층석탑,NNP
경주 여행,여기,NP
경주 여행,대능원,NNP
경주 여행,안압지,NNP
경주 여행,알라딘,NNP
경주 여행,힐튼,NNP
경주 여행,한국,NNP
경주 여행,서울,NNP
경주 여행,두산,NNP
경주 여행,미국,NNP
경주 여행,토함산,NNP
경주 여행,불국사,NNP
경주 여행,토함산,NNP
경주 여행,신라,NNP
경주 여행,경북,NNP
경주 여행,경북,NNP
경주 여행,교촌,NNP
경주 여행,경북,NNP
경주 여행,불국사역,NNP
경주 여행,무궁화호,NNP
경주 여행,어디,NP
경주 여행,서울,NNP
경주 여행,대전,NNP
경주 여행,알라딘,NNP
경주 여행,알라딘,NNP
경주 여행,알라딘,NNP
경주 여행,코로나,NNP
경주 여행,에도,NNP
경주 여행,에도,NNP
경주 여행,아시나,NNP
경주 여행,고속도로,NNP
경주 여행,한우구,NNP
경주 여행,언양,NNP
경주 여행,노천온천,NNP
경주 여행,알라딘,NNP
경주 여행,알라딘,NNP
경주 여행,통일전,NNP
경주 여행,알라딘,NNP
경주 여행,코로나,NNP
경주 여행,경북,NNP
경주 여행,불국사,NNP
경주 여행,경북,NNP
경주 여행,당신,NP
경주 여행,보문호,NNP
경주 여행,활산,NNP
경주 여행,우리,NP
경주 여행,경북,NNP
경주 여행,당신,NP
경주 여행,양동,NNP
경주 여행,양동,NNP
경주 여행,경상북도,NNP
경주 여행,강동면,NNP
경주 여행,양동,NNP
경주 여행,경상북도,NNP
경주 여행,강동면,NNP
경주 여행,버드,NNP
경주 여행,버드,NNP
경주 여행,경북,NNP
경주 여행,북군동,NNP
경주 여행,안압지,NNP
경주 여행,신라,NNP
경주 여행,울산,NNP
경주 여행,특구,NNP
경주 여행,울산,NNP
경주 여행,불국사,NNP
경주 여행,알라딘,NNP
경주 여행,강릉,NNP
경주 여행,강릉,NNP
경주 여행,비향,NNP
경주 여행,알라딘,NNP
경주 여행,무웅,NNP
경주 여행,신라,NNP
경주 여행,이동은,NNP
경주 여행,포석정,NNP
경주 여행,안압지,NNP
경주 여행,알라딘,NNP
경주 여행,감포,NNP
경주 여행,경북,NNP
경주 여행,읍천항,NNP
경주 여행,제주도,NNP
경주 여행,읍천항,NNP
경주 여행,읍천항,NNP
경주 여행,황오,NNP
경주 여행,황오,NNP
경주 여행,저희,NP
경주 여행,알라딘,NNP
경주 여행,서재,NNP
경주 여행,알라딘,NNP
경주 여행,대구,NNP
경주 여행,대구,NNP
경주 여행,경북,NNP
경주 여행,알라딘,NNP
경주 여행,장소라,NNP
경주 여행,알라딘,NNP
경주 여행,알라딘,NNP
경주 여행,신라,NNP
경주 여행,노천온천,NNP
경주 여행,경상도,NNP
경주 여행,밀면,NNP
경주 여행,보문호,NNP
경주 여행,동방역,NNP
경주 여행,경북,NNP
경주 여행,동방역,NNP
경주 여행,경북,NNP
경주 여행,안압지,NNP
경주 여행,계림,NNP
경주 여행,월지,NNP
경주 여행,안압지,NNP
경주 여행,김유신,NNP
경주 여행,알라딘,NNP
경주 여행,알라딘,NNP
경주 여행,시티투어,NNP
경주 여행,워시,NNP
경주 여행,경북,NNP
경주 여행,현대,NNP
경주 여행,보문,NNP
경주 여행,보문관광단지,NNP
경주 여행,보문호,NNP
경주 여행,신라,NNP
경주 여행,경북,NNP
경주 여행,신평동,NNP
경주 여행,우리,NP
경주 여행,송국영,NNP
경주 여행,안종,NNP
경주 여행,송진주,NNP
경주 여행,김홍식,NNP
경주 여행,김연우,NNP
경주 여행,연주,NNP
경주 여행,조광민,NNP
경주 여행,경북,NNP
경주 여행,트레,NNP
경주 여행,트레,NNP
경주 여행,경북,NNP
경주 여행,안압지,NNP
경주 여행,안압지,NNP
경주 여행,훌리아,NNP
경주 여행,신라,NNP
경주 여행,육월,NNP
경주 여행,돌담길,NNP
경주 여행,경북,NNP
경주 여행,노서동,NNP
경주 여행,알라딘,NNP
경주 여행,경상북도,NNP
경주 여행,황남동,NNP
경주 여행,키워드,NNP
경주 여행,키워드,NNP
경주 여행,불국사,NNP
경주 여행,서울,NNP
경주 여행,불국사,NNP
경주 여행,불국사,NNP
경주 여행,불국사,NNP
경주 여행,경북,NNP
경주 여행,메카,NNP
경주 여행,불국사,NNP
경주 여행,카페,NNP
경주 여행,아덴,NNP
경주 여행,카페,NNP
경주 여행,아덴,NNP
경주 여행,경북,NNP
경주 여행,아덴,NNP
경주 여행,시그,NNP
경주 여행,알라딘,NNP
경주 여행,알라딘,NNP
경주 여행,서재,NNP
경주 여행,서울,NNP
경주 여행,슈만,NNP
경주 여행,클라라,NNP
경주 여행,슈만,NNP
경주 여행,클라라,NNP
경주 여행,요기,NP
경주 여행,여기,NP
경주 여행,저희,NP
경주 여행,포스팅,NNP
경주 여행,한옥,NNP
경주 여행,여기,NP
경주 여행,그곳,NP
경주 여행,쥬얼,NNP
경주 여행,불국사,NNP
경주 여행,여기,NP
경주 여행,신라,NNP
경주 여행,신라,NNP
경주 여행,울주,NNP
경주 여행,예쁘다,NNP
경주 여행,울주,NNP
경주 여행,알라딘,NNP
경주 여행,우리,NP
경주 여행,우리,NP
경주 여행,박광일,NNP
경주 여행,알라딘,NNP
경주 여행,힐튼,NNP
경주 여행,스콘,NNP
경주 여행,이곳,NP
경주 여행,알라딘,NNP
경주 여행,우리,NP
경주 여행,우리,NP
경주 여행,박광일,NNP
경주 여행,알라딘,NNP
경주 여행,알라딘,NNP
경주 여행,알라딘,NNP
경주 여행,알라딘,NNP
경주 여행,우리,NP
경주 여행,둘레길,NNP
경주 여행,불국사,NNP
경주 여행,황남빵,NNP
경주 여행,불국사,NNP
경주 여행,황남빵,NNP
경주 여행,울산,NNP
경주 여행,울산,NNP
경주 여행,알라딘,NNP
경주 여행,알라딘,NNP
경주 여행,새송이,NNP
경주 여행,남산,NNP
경주 여행,케이트,NNP
경주 여행,서라벌,NNP
경주 여행,통일전,NNP
경주 여행,삼층석탑,NNP
경주 여행,여기,NP
경주 여행,대능원,NNP
경주 여행,안압지,NNP
경주 여행,알라딘,NNP
경주 여행,힐튼,NNP
경주 여행,한국,NNP
경주 여행,서울,NNP
경주 여행,두산,NNP
경주 여행,미국,NNP
경주 여행,토함산,NNP
경주 여행,불국사,NNP
경주 여행,토함산,NNP
경주 여행,신라,NNP
경주 여행,경북,NNP
경주 여행,경북,NNP
경주 여행,교촌,NNP
경주 여행,경북,NNP
경주 여행,불국사역,NNP
경주 여행,무궁화호,NNP
경주 여행,어디,NP
경주 여행,서울,NNP
경주 여행,대전,NNP
경주 여행,고속도로,NNP
경주 여행,한우구,NNP
경주 여행,언양,NNP
경주 여행,노천온천,NNP
경주 여행,알라딘,NNP
경주 여행,에도,NNP
경주 여행,에도,NNP
경주 여행,아시나,NNP
경주 여행,알라딘,NNP
경주 여행,코로나,NNP
경주 여행,통일전,NNP
경주 여행,알라딘,NNP
경주 여행,알라딘,NNP
경주 여행,코로나,NNP
경주 여행,알라딘,NNP
경주 여행,알라딘,NNP
경주 여행,불국사,NNP
경주 여행,안압지,NNP
경주 여행,신라,NNP
경주 여행,경북,NNP
경주 여행,불국사,NNP
경주 여행,경북,NNP
경주 여행,당신,NP
경주 여행,경북,NNP
경주 여행,당신,NP
경주 여행,보문호,NNP
경주 여행,활산,NNP
경주 여행,우리,NP
경주 여행,버드,NNP
경주 여행,버드,NNP
경주 여행,경북,NNP
경주 여행,북군동,NNP
경주 여행,양동,NNP
경주 여행,양동,NNP
경주 여행,경상북도,NNP
경주 여행,강동면,NNP
경주 여행,양동,NNP
경주 여행,경상북도,NNP
경주 여행,강동면,NNP
경주 여행,알라딘,NNP
경주 여행,강릉,NNP
경주 여행,강릉,NNP
경주 여행,비향,NNP
경주 여행,이동은,NNP
경주 여행,포석정,NNP
경주 여행,안압지,NNP
경주 여행,알라딘,NNP
경주 여행,무웅,NNP
경주 여행,신라,NNP
경주 여행,감포,NNP
경주 여행,경북,NNP
경주 여행,알라딘,NNP
경주 여행,알라딘,NNP
경주 여행,서재,NNP
경주 여행,황오,NNP
경주 여행,황오,NNP
경주 여행,저희,NP
경주 여행,읍천항,NNP
경주 여행,제주도,NNP
경주 여행,읍천항,NNP
경주 여행,읍천항,NNP
경주 여행,벅스,NNP
경주 여행,벅스,NNP
경주 여행,벅스,NNP
경주 여행,벅스,NNP
경주 여행,해오름,NNP
경주 여행,한정식,NNP
경주 여행,시니어,NNP
경주 여행,우리,NP
경주 여행,시니어,NNP
경주 여행,해오름,NNP
경주 여행,한정식,NNP
경주 여행,인도,NNP
경주 여행,불국사,NNP
경주 여행,불국사,NNP
경주 여행,불국사,NNP
경주 여행,우리,NP
경주 여행,안압지,NNP
경주 여행,알라딘,NNP
경주 여행,신라,NNP
경주 여행,노천온천,NNP
경주 여행,경상도,NNP
경주 여행,밀면,NNP
경주 여행,보문호,NNP
경주 여행,동방역,NNP
경주 여행,경북,NNP
경주 여행,동방역,NNP
경주 여행,경북,NNP
경주 여행,안압지,NNP
경주 여행,계림,NNP
경주 여행,월지,NNP
경주 여행,안압지,NNP
경주 여행,김유신,NNP
경주 여행,알라딘,NNP
경주 여행,알라딘,NNP
경주 여행,시티투어,NNP
경주 여행,워시,NNP
경주 여행,경북,NNP
경주 여행,현대,NNP
경주 여행,보문,NNP
경주 여행,보문관광단지,NNP
경주 여행,보문호,NNP
경주 여행,신라,NNP
경주 여행,경북,NNP
경주 여행,신평동,NNP
경주 여행,우리,NP
경주 여행,송국영,NNP
경주 여행,안종,NNP
경주 여행,송진주,NNP
경주 여행,김홍식,NNP
경주 여행,김연우,NNP
경주 여행,연주,NNP
경주 여행,조광민,NNP
경주 여행,경북,NNP
경주 여행,트레,NNP
경주 여행,트레,NNP
경주 여행,경북,NNP
경주 여행,경북,NNP
경주 여행,노서동,NNP
경주 여행,신라,NNP
경주 여행,육월,NNP
경주 여행,돌담길,NNP
경주 여행,안압지,NNP
경주 여행,안압지,NNP
경주 여행,훌리아,NNP
경주 여행,알라딘,NNP
경주 여행,불국사,NNP
경주 여행,서울,NNP
경주 여행,불국사,NNP
경주 여행,불국사,NNP
경주 여행,경상북도,NNP
경주 여행,황남동,NNP
경주 여행,키워드,NNP
경주 여행,키워드,NNP
경주 여행,불국사,NNP
경주 여행,경북,NNP
경주 여행,메카,NNP
경주 여행,불국사,NNP
경주 여행,카페,NNP
경주 여행,아덴,NNP
경주 여행,카페,NNP
경주 여행,아덴,NNP
경주 여행,경북,NNP
경주 여행,아덴,NNP
경주 여행,시그,NNP
경주 여행,알라딘,NNP
경주 여행,알라딘,NNP
경주 여행,서재,NNP
경주 여행,서울,NNP
경주 여행,저희,NP
경주 여행,포스팅,NNP
경주 여행,한옥,NNP
경주 여행,쥬얼,NNP
경주 여행,여기,NP
경주 여행,그곳,NP
경주 여행,슈만,NNP
경주 여행,클라라,NNP
경주 여행,슈만,NNP
경주 여행,클라라,NNP
경주 여행,요기,NP
경주 여행,여기,NP
경주 여행,불국사,NNP
경주 여행,울주,NNP
경주 여행,예쁘다,NNP
경주 여행,울주,NNP
경주 여행,여기,NP
경주 여행,신라,NNP
경주 여행,신라,NNP
경주 여행,알라딘,NNP
경주 여행,우리,NP
경주 여행,우리,NP
경주 여행,박광일,NNP
경주 여행,알라딘,NNP
경주 여행,알라딘,NNP
경주 여행,우리,NP
경주 여행,우리,NP
경주 여행,박광일,NNP
경주 여행,힐튼,NNP
경주 여행,스콘,NNP
경주 여행,이곳,NP
경주 여행,알라딘,NNP
경주 여행,알라딘,NNP
경주 여행,알라딘,NNP
경주 여행,알라딘,NNP
경주 여행,우리,NP
경주 여행,둘레길,NNP
경주 여행,불국사,NNP
경주 여행,황남빵,NNP
경주 여행,불국사,NNP
경주 여행,황남빵,NNP
경주 여행,울산,NNP
경주 여행,울산,NNP
경주 여행,알라딘,NNP
경주 여행,알라딘,NNP
경주 여행,새송이,NNP
경주 여행,남산,NNP
경주 여행,케이트,NNP
경주 여행,서라벌,NNP
경주 여행,통일전,NNP
경주 여행,삼층석탑,NNP
경주 여행,여기,NP
경주 여행,알라딘,NNP
경주 여행,대능원,NNP
경주 여행,안압지,NNP
경주 여행,힐튼,NNP
경주 여행,한국,NNP
경주 여행,서울,NNP
경주 여행,두산,NNP
경주 여행,미국,NNP
경주 여행,토함산,NNP
경주 여행,불국사,NNP
경주 여행,토함산,NNP
경주 여행,신라,NNP
경주 여행,경북,NNP
경주 여행,경북,NNP
경주 여행,교촌,NNP
경주 여행,경북,NNP
경주 여행,불국사역,NNP
경주 여행,무궁화호,NNP
경주 여행,어디,NP
경주 여행,서울,NNP
경주 여행,대전,NNP
경주 여행,알라딘,NNP
경주 여행,알라딘,NNP
경주 여행,고속도로,NNP
경주 여행,한우구,NNP
경주 여행,언양,NNP
경주 여행,노천온천,NNP
경주 여행,알라딘,NNP
경주 여행,코로나,NNP
경주 여행,알라딘,NNP
경주 여행,에도,NNP
경주 여행,에도,NNP
경주 여행,아시나,NNP
경주 여행,알라딘,NNP
경주 여행,통일전,NNP
경주 여행,알라딘,NNP
경주 여행,코로나,NNP
전주 여행,전동성당,NNP
전주 여행,전동성당,NNP
전주 여행,누리,NNP
전주 여행,게스트,NNP
전주 여행,하우스,NNP
전주 여행,한옥마을,NNP
전주 여행,리뷰,NNP
전주 여행,누리,NNP
전주 여행,게스트,NNP
전주 여행,하우스,NNP
전주 여행,한옥마을,NNP
전주 여행,남해,NNP
전주 여행,한옥마을,NNP
전주 여행,완주,NNP
전주 여행,소양,NNP
전주 여행,무엇,NP
전주 여행,한옥마을,NNP
전주 여행,한옥마을,NNP
전주 여행,한옥마을,NNP
전주 여행,한옥마을,NNP
전주 여행,전북,NNP
전주 여행,완산구,NNP
전주 여행,최명희,NNP
전주 여행,풍남동,NNP
전주 여행,코파,NNP
전주 여행,코파,NNP
전주 여행,전북,NNP
전주 여행,김제,NNP
전주 여행,김제,NNP
전주 여행,한옥마을,NNP
전주 여행,한옥마을,NNP
전주 여행,한옥마을,NNP
전주 여행,누구,NP
전주 여행,알라딘,NNP
전주 여행,김주미,NNP
전주 여행,이곳,NP
전주 여행,전라북도,NNP
전주 여행,한옥마을,NNP
전주 여행,한옥마을,NNP
전주 여행,한국,NNP
전주 여행,한국,NNP
전주 여행,서울,NNP
전주 여행,한옥마을,NNP
전주 여행,서울,NNP
전주 여행,한옥마을,NNP
전주 여행,광주,NNP
전주 여행,전북,NNP
전주 여행,한옥마을,NNP
전주 여행,둘레길,NNP
전주 여행,전라북도,NNP
전주 여행,전북,NNP
전주 여행,전라북도,NNP
전주 여행,전북,NNP
전주 여행,한옥마을,NNP
전주 여행,한옥마을,NNP
전주 여행,한옥마을,NNP
전주 여행,구일집,NNP
전주 여행,구일집,NNP
전주 여행,한옥마을,NNP
전주 여행,교동,NNP
전주 여행,시래,NNP
전주 여행,옥마,NNP
전주 여행,교동,NNP
전주 여행,시래,NNP
전주 여행,한옥마을,NNP
전주 여행,한옥마을,NNP
전주 여행,데프콘,NNP
전주 여행,어디,NP
전주 여행,전동성당,NNP
전주 여행,한옥마을,NNP
전주 여행,전동성당,NNP
전주 여행,풍년제,NNP
전주 여행,초코파이,NNP
전주 여행,초코파이,NNP
전주 여행,풍년제,NNP
전주 여행,우리,NP
전주 여행,초코파이,NNP
전주 여행,네오,NNP
전주 여행,달고나,NNP
전주 여행,여기,NP
전주 여행,체다,NNP
전주 여행,알라딘,NNP
전주 여행,김주미,NNP
전주 여행,고고씽,NNP
전주 여행,마이산,NNP
전주 여행,마이산,NNP
전주 여행,덕진,NNP
전주 여행,한국,NNP
전주 여행,브런치,NNP
전주 여행,브런치,NNP
전주 여행,브런치,NNP
전주 여행,카페,NNP
전주 여행,브런치,NNP
전주 여행,전북,NNP
전주 여행,전북,NNP
전주 여행,한옥마을,NNP
전주 여행,한옥마을,NNP
전주 여행,한옥,NNP
전주 여행,일바,NNP
전주 여행,한옥,NNP
전주 여행,레일바이크,NNP
전주 여행,아중역,NNP
전주 여행,한옥,NNP
전주 여행,레일바이크,NNP
전주 여행,고분군,NNP
전주 여행,고분군,NNP
전주 여행,조선,NNP
전주 여행,알라딘,NNP
전주 여행,김주미,NNP
전주 여행,견훤,NNP
전주 여행,조선,NNP
전주 여행,견훤,NNP
전주 여행,완산,NNP
전주 여행,견훤,NNP
전주 여행,완산,NNP
전주 여행,누구,NP
전주 여행,호공,NNP
전주 여행,레일바이크,NNP
전주 여행,조선,NNP
전주 여행,한옥마을,NNP
전주 여행,임실,NNP
전주 여행,슬치,NNP
전주 여행,조선,NNP
전주 여행,완산,NNP
전주 여행,완산,NNP
전주 여행,완산,NNP
전주 여행,완산,NNP
전주 여행,완산,NNP
전주 여행,조선,NNP
전주 여행,완산,NNP
전주 여행,완산,NNP
전주 여행,고원,NNP
전주 여행,조선왕조실록,NNP
전주 여행,조선왕조실록,NNP
전주 여행,조선,NNP
전주 여행,조선,NNP
전주 여행,한옥마을,NNP
전주 여행,한옥마을,NNP
전주 여행,한옥마을,NNP
전주 여행,태조,NNP
전주 여행,이성계,NNP
전주 여행,에코,NNP
전주 여행,병호,NNP
전주 여행,에코,NNP
전주 여행,한옥마을,NNP
전주 여행,에코,NNP
전주 여행,대한민국,NNP
전주 여행,덕진,NNP
전주 여행,덕진,NNP
전주 여행,덕진,NNP
전주 여행,덕진,NNP
전주 여행,견훤,NNP
전주 여행,완산,NNP
전주 여행,견훤,NNP
전주 여행,알라딘,NNP
전주 여행,북카페,NNP
전주 여행,카프카,NNP
전주 여행,완산,NNP
전주 여행,완산,NNP
전주 여행,완산,NNP
전주 여행,완산,NNP
전주 여행,이싸,NNP
전주 여행,조선,NNP
전주 여행,완산,NNP
전주 여행,완산,NNP
전주 여행,전동성당,NNP
전주 여행,한옥마을,NNP
전주 여행,한옥마을,NNP
전주 여행,전동성당,NNP
전주 여행,에코,NNP
전주 여행,한옥마을,NNP
전주 여행,에코,NNP
전주 여행,에코,NNP
전주 여행,포스팅,NNP
전주 여행,한옥마을,NNP
전주 여행,한옥마을,NNP
전주 여행,한옥마을,NNP
전주 여행,조선,NNP
전주 여행,중국,NNP
전주 여행,일본,NNP
전주 여행,한옥마을,NNP
전주 여행,한국,NNP
전주 여행,전북,NNP
전주 여행,한국,NNP
전주 여행,이다,NNP
전주 여행,전북,NNP
전주 여행,한옥마을,NNP
전주 여행,시식,NNP
전주 여행,덕진,NNP
전주 여행,덕진,NNP
전주 여행,덕진,NNP
전주 여행,덕진,NNP
전주 여행,덕진,NNP
전주 여행,한옥마을,NNP
전주 여행,한옥,NNP
전주 여행,스테이,NNP
전주 여행,태조,NNP
전주 여행,마루,NNP
전주 여행,한옥마을,NNP
전주 여행,한옥마을,NNP
전주 여행,이곳,NP
전주 여행,한옥마을,NNP
전주 여행,한옥마을,NNP
전주 여행,루이,NNP
전주 여행,전라북도,NNP
전주 여행,한옥마을,NNP
전주 여행,조선,NNP
전주 여행,한옥마을,NNP
전주 여행,가즈,NNP
전주 여행,리저,NNP
전주 여행,한옥마을,NNP
전주 여행,이성계,NNP
전주 여행,한옥마을,NNP
전주 여행,한옥마을,NNP
전주 여행,전라,NNP
전주 여행,한옥마을,NNP
전주 여행,한국,NNP
전주 여행,승광,NNP
전주 여행,한옥마을,NNP
전주 여행,한국도로공사,NNP
전주 여행,조선,NNP
전주 여행,한국도로공사,NNP
전주 여행,어디,NP
전주 여행,제주,NNP
전주 여행,유럽,NNP
전주 여행,코티지,NNP
전주 여행,제주,NNP
전주 여행,유럽,NNP
전주 여행,데크,NNP
전주 여행,한국,NNP
전주 여행,도로공사,NNP
전주 여행,그곳,NP
전주 여행,조선,NNP
전주 여행,덕진,NNP
전주 여행,덕진,NNP
전주 여행,조선,NNP
전주 여행,덕진,NNP
전주 여행,덕진,NNP
전주 여행,덕진,NNP
전주 여행,광주,NNP
전주 여행,당신,NP
전주 여행,한옥마을,NNP
전주 여행,광주,NNP
전주 여행,한옥마을,NNP
전주 여행,한국,NNP
전주 여행,한옥마을,NNP
전주 여행,대한민국,NNP
전주 여행,한옥마을,NNP
전주 여행,전북,NNP
전주 여행,한옥마을,NNP
전주 여행,임실,NNP
전주 여행,한국,NNP
전주 여행,이곳,NP
전주 여행,루이,NNP
전주 여행,한옥마을,NNP
전주 여행,한옥마을,NNP
전주 여행,루이,NNP
전주 여행,완산구,NNP
전주 여행,완산구,NNP
전주 여행,교동,NNP
전주 여행,아시아,NNP
전주 여행,한옥마을,NNP
전주 여행,한옥마을,NNP
전주 여행,이다,NNP
전주 여행,전북,NNP
전주 여행,이곳,NP
전주 여행,그대,NP
전주 여행,한옥마을,NNP
전주 여행,한울,NNP
전주 여행,한울,NNP
전주 여행,티스토리,NNP
전주 여행,한옥마을,NNP
전주 여행,알라딘,NNP
전주 여행,알라딘,NNP
전주 여행,리뷰,NNP
전주 여행,알라딘,NNP
전주 여행,서재,NNP
전주 여행,그곳,NP
전주 여행,무엇,NP
전주 여행,무엇,NP
전주 여행,한국,NNP
전주 여행,알라딘,NNP
전주 여행,코리아,NNP
전주 여행,코리아,NNP
전주 여행,알라딘,NNP
전주 여행,서재,NNP
전주 여행,오렌지캬라멜,NNP
전주 여행,서울,NNP
전주 여행,언제,NP
전주 여행,한옥마을,NNP
전주 여행,오렌지,NNP
전주 여행,카라멜,NNP
전주 여행,전라북도,NNP
전주 여행,대한민국,NNP
전주 여행,전북,NNP
전주 여행,구이면,NNP
전주 여행,대한민국,NNP
전주 여행,대한민국,NNP
전주 여행,테미,NNP
전주 여행,한옥마을,NNP
전주 여행,완주,NNP
전주 여행,소양,NNP
전주 여행,군산,NNP
전주 여행,한옥마을,NNP
전주 여행,군산,NNP
전주 여행,르윈,NNP
전주 여행,군산,NNP
전주 여행,전북,NNP
전주 여행,덕진구,NNP
전주 여행,금암동,NNP
전주 여행,서울,NNP
전주 여행,한옥마을,NNP
전주 여행,알라딘,NNP
전주 여행,서재,NNP
전주 여행,우리,NP
전주 여행,덕진,NNP
전주 여행,서울,NNP
전주 여행,강원도,NNP
전주 여행,한옥마을,NNP
전주 여행,네이버,NNP
전주 여행,전북,NNP
전주 여행,완산구,NNP
전주 여행,한옥마을,NNP
전주 여행,아카,NNP
전주 여행,한옥마을,NNP
전주 여행,아카,NNP
전주 여행,한옥마을,NNP
전주 여행,뽐뿌,NNP
전주 여행,한국,NNP
전주 여행,김영아,NNP
전주 여행,한옥마을,NNP
전주 여행,팥빙수,NNP
전주 여행,꿀타래,NNP
전주 여행,한옥마을,NNP
전주 여행,전북,NNP
전주 여행,완산구,NNP
전주 여행,최명희,NNP
전주 여행,풍남동,NNP
전주 여행,코파,NNP
전주 여행,코파,NNP
전주 여행,전북,NNP
전주 여행,김제,NNP
전주 여행,김제,NNP
전주 여행,한옥마을,NNP
전주 여행,알라딘,NNP
전주 여행,김주미,NNP
전주 여행,한옥마을,NNP
전주 여행,한옥마을,NNP
전주 여행,누구,NP
전주 여행,이곳,NP
전주 여행,전라북도,NNP
전주 여행,한옥마을,NNP
전주 여행,한옥마을,NNP
전주 여행,한국,NNP
전주 여행,한국,NNP
전주 여행,서울,NNP
전주 여행,한옥마을,NNP
전주 여행,서울,NNP
전주 여행,한옥마을,NNP
전주 여행,광주,NNP
전주 여행,전북,NNP
전주 여행,한옥마을,NNP
전주 여행,둘레길,NNP
전주 여행,전라북도,NNP
전주 여행,전북,NNP
전주 여행,전라북도,NNP
전주 여행,전북,NNP
전주 여행,한옥마을,NNP
전주 여행,한옥마을,NNP
전주 여행,한옥마을,NNP
전주 여행,고고씽,NNP
전주 여행,마이산,NNP
전주 여행,마이산,NNP
전주 여행,덕진,NNP
전주 여행,한국,NNP
전주 여행,브런치,NNP
전주 여행,브런치,NNP
전주 여행,브런치,NNP
전주 여행,카페,NNP
전주 여행,브런치,NNP
전주 여행,네오,NNP
전주 여행,달고나,NNP
전주 여행,여기,NP
전주 여행,체다,NNP
전주 여행,전동성당,NNP
전주 여행,한옥마을,NNP
전주 여행,전동성당,NNP
전주 여행,풍년제,NNP
전주 여행,초코파이,NNP
전주 여행,초코파이,NNP
전주 여행,풍년제,NNP
전주 여행,우리,NP
전주 여행,초코파이,NNP
전주 여행,데프콘,NNP
전주 여행,어디,NP
전주 여행,구일집,NNP
전주 여행,구일집,NNP
전주 여행,한옥마을,NNP
전주 여행,교동,NNP
전주 여행,시래,NNP
전주 여행,옥마,NNP
전주 여행,교동,NNP
전주 여행,시래,NNP
전주 여행,한옥마을,NNP
전주 여행,한옥마을,NNP
전주 여행,알라딘,NNP
전주 여행,김주미,NNP
전주 여행,전북,NNP
전주 여행,전북,NNP
전주 여행,한식재단,NNP
전주 여행,한옥마을,NNP
전주 여행,한옥마을,NNP
전주 여행,한옥,NNP
전주 여행,일바,NNP
전주 여행,한옥,NNP
전주 여행,레일바이크,NNP
전주 여행,아중역,NNP
전주 여행,한옥,NNP
전주 여행,레일바이크,NNP
전주 여행,고분군,NNP
전주 여행,고분군,NNP
전주 여행,조선,NNP
전주 여행,알라딘,NNP
전주 여행,김주미,NNP
전주 여행,완산,NNP
전주 여행,견훤,NNP
전주 여행,조선,NNP
전주 여행,견훤,NNP
전주 여행,완산,NNP
전주 여행,견훤,NNP
전주 여행,누구,NP
전주 여행,호공,NNP
전주 여행,레일바이크,NNP
전주 여행,조선,NNP
전주 여행,한옥마을,NNP
전주 여행,임실,NNP
전주 여행,슬치,NNP
전주 여행,조선,NNP
전주 여행,대한민국,NNP
전주 여행,덕진,NNP
전주 여행,덕진,NNP
전주 여행,덕진,NNP
전주 여행,덕진,NNP
전주 여행,조선왕조실록,NNP
전주 여행,조선왕조실록,NNP
전주 여행,조선,NNP
전주 여행,조선,NNP
전주 여행,한옥마을,NNP
전주 여행,한옥마을,NNP
전주 여행,한옥마을,NNP
전주 여행,태조,NNP
전주 여행,이성계,NNP
전주 여행,에코,NNP
전주 여행,병호,NNP
전주 여행,에코,NNP
전주 여행,한옥마을,NNP
전주 여행,에코,NNP
전주 여행,완산,NNP
전주 여행,완산,NNP
전주 여행,완산,NNP
전주 여행,완산,NNP
전주 여행,완산,NNP
전주 여행,조선,NNP
전주 여행,완산,NNP
전주 여행,완산,NNP
전주 여행,고원,NNP
전주 여행,견훤,NNP
전주 여행,완산,NNP
전주 여행,견훤,NNP
전주 여행,알라딘,NNP
전주 여행,북카페,NNP
전주 여행,카프카,NNP
전주 여행,한옥마을,NNP
전주 여행,한옥마을,NNP
전주 여행,한옥마을,NNP
전주 여행,조선,NNP
전주 여행,중국,NNP
전주 여행,일본,NNP
전주 여행,한옥마을,NNP
전주 여행,한국,NNP
전주 여행,전북,NNP
전주 여행,한국,NNP
전주 여행,이다,NNP
전주 여행,전북,NNP
전주 여행,에코,NNP
전주 여행,한옥마을,NNP
전주 여행,에코,NNP
전주 여행,에코,NNP
전주 여행,포스팅,NNP
전주 여행,완산,NNP
전주 여행,완산,NNP
전주 여행,완산,NNP
전주 여행,완산,NNP
전주 여행,이싸,NNP
전주 여행,조선,NNP
전주 여행,완산,NNP
전주 여행,완산,NNP
전주 여행,전동성당,NNP
전주 여행,한옥마을,NNP
전주 여행,한옥마을,NNP
전주 여행,전동성당,NNP
전주 여행,한옥마을,NNP
전주 여행,시식,NNP
전주 여행,덕진,NNP
전주 여행,덕진,NNP
전주 여행,덕진,NNP
전주 여행,덕진,NNP
전주 여행,덕진,NNP
전주 여행,한옥마을,NNP
전주 여행,한옥,NNP
전주 여행,스테이,NNP
전주 여행,태조,NNP
전주 여행,마루,NNP
전주 여행,한옥마을,NNP
전주 여행,한옥마을,NNP
전주 여행,이곳,NP
전주 여행,한옥마을,NNP
전주 여행,한옥마을,NNP
전주 여행,루이,NNP
전주 여행,전라북도,NNP
전주 여행,한옥마을,NNP
전주 여행,조선,NNP
전주 여행,한옥마을,NNP
전주 여행,가즈,NNP
전주 여행,리저,NNP
전주 여행,한국도로공사,NNP
전주 여행,조선,NNP
전주 여행,한국도로공사,NNP
전주 여행,한옥마을,NNP
전주 여행,이성계,NNP
전주 여행,한옥마을,NNP
전주 여행,한옥마을,NNP
전주 여행,전라,NNP
전주 여행,한옥마을,NNP
전주 여행,한국,NNP
전주 여행,승광,NNP
전주 여행,한옥마을,NNP
전주 여행,어디,NP
전주 여행,제주,NNP
전주 여행,유럽,NNP
전주 여행,코티지,NNP
전주 여행,제주,NNP
전주 여행,유럽,NNP
전주 여행,데크,NNP
전주 여행,한국,NNP
전주 여행,도로공사,NNP
전주 여행,그곳,NP
전주 여행,조선,NNP
전주 여행,덕진,NNP
전주 여행,덕진,NNP
전주 여행,조선,NNP
전주 여행,덕진,NNP
전주 여행,덕진,NNP
전주 여행,덕진,NNP
전주 여행,광주,NNP
전주 여행,당신,NP
전주 여행,한옥마을,NNP
전주 여행,광주,NNP
전주 여행,한옥마을,NNP
전주 여행,한국,NNP
전주 여행,한옥마을,NNP
전주 여행,대한민국,NNP
전주 여행,한옥마을,NNP
전주 여행,전북,NNP
전주 여행,한옥마을,NNP
전주 여행,임실,NNP
전주 여행,한국,NNP
전주 여행,이곳,NP
전주 여행,루이,NNP
전주 여행,한옥마을,NNP
전주 여행,한옥마을,NNP
전주 여행,루이,NNP
전주 여행,완산구,NNP
전주 여행,완산구,NNP
전주 여행,교동,NNP
전주 여행,아시아,NNP
전주 여행,한옥마을,NNP
전주 여행,한옥마을,NNP
전주 여행,이다,NNP
전주 여행,전북,NNP
전주 여행,이곳,NP
전주 여행,그대,NP
전주 여행,한옥마을,NNP
전주 여행,한울,NNP
전주 여행,한울,NNP
전주 여행,티스토리,NNP
전주 여행,한옥마을,NNP
전주 여행,알라딘,NNP
전주 여행,서재,NNP
전주 여행,오렌지캬라멜,NNP
전주 여행,서울,NNP
전주 여행,언제,NP
전주 여행,한옥마을,NNP
전주 여행,오렌지,NNP
전주 여행,카라멜,NNP
전주 여행,알라딘,NNP
전주 여행,코리아,NNP
전주 여행,코리아,NNP
전주 여행,알라딘,NNP
전주 여행,알라딘,NNP
전주 여행,서재,NNP
전주 여행,그곳,NP
전주 여행,무엇,NP
전주 여행,무엇,NP
전주 여행,한국,NNP
전주 여행,알라딘,NNP
전주 여행,리뷰,NNP
전주 여행,전라북도,NNP
전주 여행,대한민국,NNP
전주 여행,전북,NNP
전주 여행,구이면,NNP
전주 여행,대한민국,NNP
전주 여행,대한민국,NNP
전주 여행,테미,NNP
전주 여행,한옥마을,NNP
전주 여행,완주,NNP
전주 여행,소양,NNP
전주 여행,군산,NNP
전주 여행,한옥마을,NNP
전주 여행,군산,NNP
전주 여행,르윈,NNP
전주 여행,군산,NNP
전주 여행,한옥마을,NNP
전주 여행,전북,NNP
전주 여행,덕진구,NNP
전주 여행,금암동,NNP
전주 여행,서울,NNP
전주 여행,알라딘,NNP
전주 여행,서재,NNP
전주 여행,우리,NP
전주 여행,덕진,NNP
전주 여행,서울,NNP
전주 여행,강원도,NNP
전주 여행,최명희,NNP
전주 여행,최명희,NNP
전주 여행,완산구,NNP
전주 여행,풍남동,NNP
전주 여행,로앤,NNP
전주 여행,로앤,NNP
전주 여행,카페,NNP
전주 여행,누리,NNP
전주 여행,게스트,NNP
전주 여행,하우스,NNP
전주 여행,한옥마을,NNP
전주 여행,리뷰,NNP
전주 여행,누리,NNP
전주 여행,게스트,NNP
전주 여행,하우스,NNP
전주 여행,한옥마을,NNP
전주 여행,남해,NNP
전주 여행,한옥마을,NNP
전주 여행,한옥마을,NNP
전주 여행,한옥마을,NNP
전주 여행,한옥마을,NNP
전주 여행,완주,NNP
전주 여행,소양,NNP
전주 여행,무엇,NP
전주 여행,한옥마을,NNP
전주 여행,전북,NNP
전주 여행,완산구,NNP
전주 여행,최명희,NNP
전주 여행,풍남동,NNP
전주 여행,코파,NNP
전주 여행,코파,NNP
전주 여행,전북,NNP
전주 여행,김제,NNP
전주 여행,김제,NNP
전주 여행,한옥마을,NNP
전주 여행,알라딘,NNP
전주 여행,김주미,NNP
전주 여행,한옥마을,NNP
전주 여행,한옥마을,NNP
전주 여행,누구,NP
전주 여행,이곳,NP
전주 여행,전라북도,NNP
전주 여행,한옥마을,NNP
전주 여행,한옥마을,NNP
전주 여행,한국,NNP
전주 여행,한국,NNP
전주 여행,서울,NNP
전주 여행,한옥마을,NNP
전주 여행,서울,NNP
전주 여행,한옥마을,NNP
전주 여행,광주,NNP
전주 여행,전북,NNP
전주 여행,한옥마을,NNP
전주 여행,둘레길,NNP
전주 여행,전라북도,NNP
전주 여행,전북,NNP
전주 여행,전라북도,NNP
전주 여행,전북,NNP
전주 여행,한옥마을,NNP
전주 여행,한옥마을,NNP
전주 여행,한옥마을,NNP
전주 여행,네오,NNP
전주 여행,달고나,NNP
전주 여행,여기,NP
전주 여행,체다,NNP
전주 여행,풍년제,NNP
전주 여행,초코파이,NNP
전주 여행,초코파이,NNP
전주 여행,풍년제,NNP
전주 여행,우리,NP
전주 여행,초코파이,NNP
전주 여행,구일집,NNP
전주 여행,구일집,NNP
전주 여행,한옥마을,NNP
전주 여행,데프콘,NNP
전주 여행,어디,NP
전주 여행,알라딘,NNP
전주 여행,김주미,NNP
전주 여행,교동,NNP
전주 여행,시래,NNP
전주 여행,옥마,NNP
전주 여행,교동,NNP
전주 여행,시래,NNP
전주 여행,한옥마을,NNP
전주 여행,한옥마을,NNP
전주 여행,전동성당,NNP
전주 여행,한옥마을,NNP
전주 여행,전동성당,NNP
전주 여행,마이산,NNP
전주 여행,마이산,NNP
전주 여행,덕진,NNP
전주 여행,한국,NNP
전주 여행,고고씽,NNP
전주 여행,브런치,NNP
전주 여행,브런치,NNP
전주 여행,브런치,NNP
전주 여행,카페,NNP
전주 여행,브런치,NNP
전주 여행,전북,NNP
전주 여행,전북,NNP
전주 여행,마이산,NNP
전주 여행,한식재단,NNP
전주 여행,한옥마을,NNP
전주 여행,한옥마을,NNP
전주 여행,한옥,NNP
전주 여행,일바,NNP
전주 여행,한옥,NNP
전주 여행,레일바이크,NNP
전주 여행,아중역,NNP
전주 여행,한옥,NNP
전주 여행,레일바이크,NNP
전주 여행,고분군,NNP
전주 여행,고분군,NNP
전주 여행,조선,NNP
전주 여행,알라딘,NNP
전주 여행,김주미,NNP
전주 여행,견훤,NNP
전주 여행,조선,NNP
전주 여행,견훤,NNP
전주 여행,완산,NNP
전주 여행,견훤,NNP
전주 여행,완산,NNP
전주 여행,조선,NNP
전주 여행,한옥마을,NNP
전주 여행,임실,NNP
전주 여행,슬치,NNP
전주 여행,조선,NNP
전주 여행,누구,NP
전주 여행,호공,NNP
전주 여행,레일바이크,NNP
전주 여행,완산,NNP
전주 여행,완산,NNP
전주 여행,완산,NNP
전주 여행,완산,NNP
전주 여행,완산,NNP
전주 여행,조선,NNP
전주 여행,완산,NNP
전주 여행,완산,NNP
전주 여행,고원,NNP
전주 여행,조선왕조실록,NNP
전주 여행,조선왕조실록,NNP
전주 여행,대한민국,NNP
전주 여행,덕진,NNP
전주 여행,덕진,NNP
전주 여행,덕진,NNP
전주 여행,덕진,NNP
전주 여행,에코,NNP
전주 여행,병호,NNP
전주 여행,에코,NNP
전주 여행,한옥마을,NNP
전주 여행,에코,NNP
전주 여행,조선,NNP
전주 여행,조선,NNP
전주 여행,한옥마을,NNP
전주 여행,한옥마을,NNP
전주 여행,한옥마을,NNP
전주 여행,태조,NNP
전주 여행,이성계,NNP
전주 여행,견훤,NNP
전주 여행,완산,NNP
전주 여행,견훤,NNP
전주 여행,알라딘,NNP
전주 여행,북카페,NNP
전주 여행,카프카,NNP
전주 여행,에코,NNP
전주 여행,한옥마을,NNP
전주 여행,에코,NNP
전주 여행,에코,NNP
전주 여행,포스팅,NNP
전주 여행,전동성당,NNP
전주 여행,한옥마을,NNP
전주 여행,한옥마을,NNP
전주 여행,전동성당,NNP
전주 여행,완산,NNP
전주 여행,완산,NNP
전주 여행,완산,NNP
전주 여행,완산,NNP
전주 여행,이싸,NNP
전주 여행,조선,NNP
전주 여행,완산,NNP
전주 여행,완산,NNP
전주 여행,한국,NNP
전주 여행,전북,NNP
전주 여행,한국,NNP
전주 여행,이다,NNP
전주 여행,전북,NNP
전주 여행,한옥마을,NNP
전주 여행,한옥마을,NNP
전주 여행,한옥마을,NNP
전주 여행,조선,NNP
전주 여행,중국,NNP
전주 여행,일본,NNP
전주 여행,한옥마을,NNP
전주 여행,한옥마을,NNP
전주 여행,시식,NNP
전주 여행,덕진,NNP
전주 여행,덕진,NNP
전주 여행,덕진,NNP
전주 여행,덕진,NNP
전주 여행,덕진,NNP
전주 여행,한옥마을,NNP
전주 여행,한옥,NNP
전주 여행,스테이,NNP
전주 여행,태조,NNP
전주 여행,마루,NNP
전주 여행,한옥마을,NNP
전주 여행,한옥마을,NNP
전주 여행,이곳,NP
전주 여행,한옥마을,NNP
전주 여행,한옥마을,NNP
전주 여행,루이,NNP
전주 여행,전라북도,NNP
전주 여행,한옥마을,NNP
전주 여행,조선,NNP
전주 여행,한옥마을,NNP
전주 여행,가즈,NNP
전주 여행,리저,NNP
전주 여행,한옥마을,NNP
전주 여행,이성계,NNP
전주 여행,한옥마을,NNP
전주 여행,한옥마을,NNP
전주 여행,전라,NNP
전주 여행,한옥마을,NNP
전주 여행,한국,NNP
전주 여행,승광,NNP
전주 여행,한옥마을,NNP
전주 여행,한국도로공사,NNP
전주 여행,조선,NNP
전주 여행,한국도로공사,NNP
전주 여행,어디,NP
전주 여행,제주,NNP
전주 여행,유럽,NNP
전주 여행,코티지,NNP
전주 여행,제주,NNP
전주 여행,유럽,NNP
전주 여행,데크,NNP
전주 여행,한국,NNP
전주 여행,도로공사,NNP
전주 여행,그곳,NP
전주 여행,조선,NNP
전주 여행,덕진,NNP
전주 여행,덕진,NNP
전주 여행,조선,NNP
전주 여행,덕진,NNP
전주 여행,덕진,NNP
전주 여행,덕진,NNP
전주 여행,광주,NNP
전주 여행,당신,NP
전주 여행,한옥마을,NNP
전주 여행,광주,NNP
전주 여행,한옥마을,NNP
전주 여행,한국,NNP
전주 여행,한옥마을,NNP
전주 여행,대한민국,NNP
전주 여행,한옥마을,NNP
전주 여행,전북,NNP
전주 여행,한옥마을,NNP
전주 여행,임실,NNP
전주 여행,한국,NNP
전주 여행,이곳,NP
전주 여행,루이,NNP
전주 여행,한옥마을,NNP
전주 여행,한옥마을,NNP
전주 여행,루이,NNP
전주 여행,완산구,NNP
전주 여행,완산구,NNP
전주 여행,교동,NNP
전주 여행,아시아,NNP
전주 여행,한옥마을,NNP
전주 여행,한옥마을,NNP
전주 여행,이다,NNP
전주 여행,전북,NNP
전주 여행,이곳,NP
전주 여행,그대,NP
전주 여행,한옥마을,NNP
전주 여행,한울,NNP
전주 여행,한울,NNP
전주 여행,티스토리,NNP
전주 여행,한옥마을,NNP
전주 여행,알라딘,NNP
전주 여행,코리아,NNP
전주 여행,코리아,NNP
전주 여행,알라딘,NNP
전주 여행,리뷰,NNP
전주 여행,알라딘,NNP
전주 여행,서재,NNP
전주 여행,그곳,NP
전주 여행,무엇,NP
전주 여행,무엇,NP
전주 여행,한국,NNP
전주 여행,알라딘,NNP
전주 여행,알라딘,NNP
전주 여행,서재,NNP
전주 여행,오렌지캬라멜,NNP
전주 여행,서울,NNP
전주 여행,언제,NP
전주 여행,한옥마을,NNP
전주 여행,오렌지,NNP
전주 여행,카라멜,NNP
전주 여행,전라북도,NNP
전주 여행,대한민국,NNP
전주 여행,전북,NNP
전주 여행,구이면,NNP
전주 여행,대한민국,NNP
전주 여행,대한민국,NNP
전주 여행,테미,NNP
전주 여행,한옥마을,NNP
전주 여행,완주,NNP
전주 여행,소양,NNP
전주 여행,군산,NNP
전주 여행,한옥마을,NNP
전주 여행,군산,NNP
전주 여행,르윈,NNP
전주 여행,군산,NNP
전주 여행,전북,NNP
전주 여행,덕진구,NNP
전주 여행,금암동,NNP
전주 여행,서울,NNP
전주 여행,한옥마을,NNP
전주 여행,알라딘,NNP
전주 여행,서재,NNP
전주 여행,우리,NP
전주 여행,덕진,NNP
전주 여행,서울,NNP
전주 여행,강원도,NNP
전주 여행,한옥마을,NNP
전주 여행,전라북도,NNP
전주 여행,이곳,NP
전주 여행,한옥마을,NNP
전주 여행,한옥마을,NNP
전주 여행,한옥마을,NNP
전주 여행,한옥마을,NNP
전주 여행,완주,NNP
전주 여행,소양,NNP
전주 여행,무엇,NP
전주 여행,한옥마을,NNP
전주 여행,전북,NNP
전주 여행,완산구,NNP
전주 여행,최명희,NNP
전주 여행,풍남동,NNP
전주 여행,코파,NNP
전주 여행,코파,NNP
전주 여행,전북,NNP
전주 여행,김제,NNP
전주 여행,김제,NNP
전주 여행,한옥마을,NNP
전주 여행,알라딘,NNP
전주 여행,김주미,NNP
전주 여행,한옥마을,NNP
전주 여행,한옥마을,NNP
전주 여행,누구,NP
전주 여행,이곳,NP
전주 여행,전라북도,NNP
전주 여행,한옥마을,NNP
전주 여행,한옥마을,NNP
전주 여행,한국,NNP
전주 여행,한국,NNP
전주 여행,서울,NNP
전주 여행,한옥마을,NNP
전주 여행,서울,NNP
전주 여행,한옥마을,NNP
전주 여행,광주,NNP
전주 여행,전북,NNP
전주 여행,한옥마을,NNP
전주 여행,둘레길,NNP
전주 여행,전라북도,NNP
전주 여행,전북,NNP
전주 여행,전라북도,NNP
전주 여행,전북,NNP
전주 여행,한옥마을,NNP
전주 여행,한옥마을,NNP
전주 여행,한옥마을,NNP
전주 여행,데프콘,NNP
전주 여행,어디,NP
전주 여행,전동성당,NNP
전주 여행,한옥마을,NNP
전주 여행,전동성당,NNP
전주 여행,풍년제,NNP
전주 여행,초코파이,NNP
전주 여행,초코파이,NNP
전주 여행,풍년제,NNP
전주 여행,우리,NP
전주 여행,초코파이,NNP
전주 여행,구일집,NNP
전주 여행,구일집,NNP
전주 여행,한옥마을,NNP
전주 여행,알라딘,NNP
전주 여행,김주미,NNP
전주 여행,교동,NNP
전주 여행,시래,NNP
전주 여행,옥마,NNP
전주 여행,교동,NNP
전주 여행,시래,NNP
전주 여행,한옥마을,NNP
전주 여행,한옥마을,NNP
전주 여행,네오,NNP
전주 여행,달고나,NNP
전주 여행,여기,NP
전주 여행,체다,NNP
전주 여행,마이산,NNP
전주 여행,마이산,NNP
전주 여행,덕진,NNP
전주 여행,한국,NNP
전주 여행,고고씽,NNP
전주 여행,브런치,NNP
전주 여행,브런치,NNP
전주 여행,브런치,NNP
전주 여행,카페,NNP
전주 여행,브런치,NNP
전주 여행,전북,NNP
전주 여행,전북,NNP
전주 여행,마이산,NNP
전주 여행,한식재단,NNP
전주 여행,프러포즈,NNP
전주 여행,한옥마을,NNP
전주 여행,한옥마을,NNP
전주 여행,한옥,NNP
전주 여행,일바,NNP
전주 여행,한옥,NNP
전주 여행,레일바이크,NNP
전주 여행,아중역,NNP
전주 여행,한옥,NNP
전주 여행,레일바이크,NNP
전주 여행,고분군,NNP
전주 여행,고분군,NNP
전주 여행,조선,NNP
전주 여행,알라딘,NNP
전주 여행,김주미,NNP
전주 여행,견훤,NNP
전주 여행,조선,NNP
전주 여행,견훤,NNP
전주 여행,완산,NNP
전주 여행,견훤,NNP
전주 여행,완산,NNP
전주 여행,누구,NP
전주 여행,호공,NNP
전주 여행,레일바이크,NNP
전주 여행,조선,NNP
전주 여행,한옥마을,NNP
전주 여행,임실,NNP
전주 여행,슬치,NNP
전주 여행,조선,NNP
전주 여행,완산,NNP
전주 여행,완산,NNP
전주 여행,완산,NNP
전주 여행,완산,NNP
전주 여행,완산,NNP
전주 여행,조선,NNP
전주 여행,완산,NNP
전주 여행,완산,NNP
전주 여행,고원,NNP
전주 여행,조선,NNP
전주 여행,조선,NNP
전주 여행,한옥마을,NNP
전주 여행,한옥마을,NNP
전주 여행,한옥마을,NNP
전주 여행,태조,NNP
전주 여행,이성계,NNP
전주 여행,에코,NNP
전주 여행,병호,NNP
전주 여행,에코,NNP
전주 여행,한옥마을,NNP
전주 여행,에코,NNP
전주 여행,조선왕조실록,NNP
전주 여행,조선왕조실록,NNP
전주 여행,대한민국,NNP
전주 여행,덕진,NNP
전주 여행,덕진,NNP
전주 여행,덕진,NNP
전주 여행,덕진,NNP
전주 여행,견훤,NNP
전주 여행,완산,NNP
전주 여행,견훤,NNP
전주 여행,알라딘,NNP
전주 여행,북카페,NNP
전주 여행,카프카,NNP
전주 여행,완산,NNP
전주 여행,완산,NNP
전주 여행,완산,NNP
전주 여행,완산,NNP
전주 여행,이싸,NNP
전주 여행,조선,NNP
전주 여행,완산,NNP
전주 여행,완산,NNP
전주 여행,에코,NNP
전주 여행,한옥마을,NNP
전주 여행,에코,NNP
전주 여행,에코,NNP
전주 여행,포스팅,NNP
전주 여행,전동성당,NNP
전주 여행,한옥마을,NNP
전주 여행,한옥마을,NNP
전주 여행,전동성당,NNP
전주 여행,한옥마을,NNP
전주 여행,한옥마을,NNP
전주 여행,한옥마을,NNP
전주 여행,조선,NNP
전주 여행,중국,NNP
전주 여행,일본,NNP
전주 여행,한옥마을,NNP
전주 여행,한국,NNP
전주 여행,전북,NNP
전주 여행,한국,NNP
전주 여행,이다,NNP
전주 여행,전북,NNP
전주 여행,한옥마을,NNP
전주 여행,시식,NNP
전주 여행,덕진,NNP
전주 여행,덕진,NNP
전주 여행,덕진,NNP
전주 여행,덕진,NNP
전주 여행,덕진,NNP
전주 여행,한옥마을,NNP
전주 여행,한옥,NNP
전주 여행,스테이,NNP
전주 여행,태조,NNP
전주 여행,마루,NNP
전주 여행,한옥마을,NNP
전주 여행,한옥마을,NNP
전주 여행,이곳,NP
전주 여행,한옥마을,NNP
전주 여행,한옥마을,NNP
전주 여행,루이,NNP
전주 여행,전라북도,NNP
전주 여행,한옥마을,NNP
전주 여행,조선,NNP
전주 여행,한옥마을,NNP
전주 여행,가즈,NNP
전주 여행,리저,NNP
전주 여행,한옥마을,NNP
전주 여행,한국,NNP
전주 여행,승광,NNP
전주 여행,한옥마을,NNP
전주 여행,한옥마을,NNP
전주 여행,이성계,NNP
전주 여행,한옥마을,NNP
전주 여행,한옥마을,NNP
전주 여행,전라,NNP
전주 여행,한국도로공사,NNP
전주 여행,조선,NNP
전주 여행,한국도로공사,NNP
전주 여행,어디,NP
전주 여행,제주,NNP
전주 여행,유럽,NNP
전주 여행,코티지,NNP
전주 여행,제주,NNP
전주 여행,유럽,NNP
전주 여행,데크,NNP
전주 여행,한국,NNP
전주 여행,도로공사,NNP
전주 여행,그곳,NP
전주 여행,조선,NNP
전주 여행,덕진,NNP
전주 여행,덕진,NNP
전주 여행,조선,NNP
전주 여행,덕진,NNP
전주 여행,덕진,NNP
전주 여행,덕진,NNP
전주 여행,광주,NNP
전주 여행,당신,NP
전주 여행,한옥마을,NNP
전주 여행,광주,NNP
전주 여행,한옥마을,NNP
전주 여행,한국,NNP
전주 여행,한옥마을,NNP
전주 여행,대한민국,NNP
전주 여행,한옥마을,NNP
전주 여행,전북,NNP
전주 여행,한옥마을,NNP
전주 여행,임실,NNP
전주 여행,한국,NNP
전주 여행,이곳,NP
전주 여행,루이,NNP
전주 여행,한옥마을,NNP
전주 여행,한옥마을,NNP
전주 여행,루이,NNP
전주 여행,완산구,NNP
전주 여행,완산구,NNP
전주 여행,교동,NNP
전주 여행,아시아,NNP
전주 여행,한옥마을,NNP
전주 여행,한옥마을,NNP
전주 여행,이다,NNP
전주 여행,한옥마을,NNP
전주 여행,한울,NNP
전주 여행,한울,NNP
전주 여행,전북,NNP
전주 여행,이곳,NP
전주 여행,그대,NP
전주 여행,티스토리,NNP
전주 여행,한옥마을,NNP
전주 여행,알라딘,NNP
전주 여행,리뷰,NNP
전주 여행,알라딘,NNP
전주 여행,알라딘,NNP
전주 여행,서재,NNP
전주 여행,그곳,NP
전주 여행,무엇,NP
전주 여행,무엇,NP
전주 여행,한국,NNP
전주 여행,알라딘,NNP
전주 여행,코리아,NNP
전주 여행,코리아,NNP
전주 여행,알라딘,NNP
전주 여행,서재,NNP
전주 여행,오렌지캬라멜,NNP
전주 여행,서울,NNP
전주 여행,언제,NP
전주 여행,한옥마을,NNP
전주 여행,오렌지,NNP
전주 여행,카라멜,NNP
전주 여행,전라북도,NNP
전주 여행,대한민국,NNP
전주 여행,전북,NNP
전주 여행,구이면,NNP
전주 여행,대한민국,NNP
전주 여행,대한민국,NNP
전주 여행,테미,NNP
전주 여행,한옥마을,NNP
전주 여행,완주,NNP
전주 여행,소양,NNP
전주 여행,군산,NNP
전주 여행,한옥마을,NNP
전주 여행,군산,NNP
전주 여행,르윈,NNP
전주 여행,군산,NNP
전주 여행,전북,NNP
전주 여행,덕진구,NNP
전주 여행,금암동,NNP
전주 여행,서울,NNP
전주 여행,한옥마을,NNP
전주 여행,알라딘,NNP
전주 여행,서재,NNP
전주 여행,우리,NP
전주 여행,덕진,NNP
전주 여행,서울,NNP
전주 여행,강원도,NNP
전주 여행,한옥마을,NNP
전주 여행,전라북도,NNP
전주 여행,이곳,NP
전주 여행,전동성당,NNP
전주 여행,전동성당,NNP
전주 여행,한옥마을,NNP
전주 여행,전북,NNP
전주 여행,완산구,NNP
전주 여행,최명희,NNP
전주 여행,풍남동,NNP
전주 여행,코파,NNP
전주 여행,코파,NNP
전주 여행,전북,NNP
전주 여행,김제,NNP
전주 여행,김제,NNP
전주 여행,한옥마을,NNP
전주 여행,한옥마을,NNP
전주 여행,한옥마을,NNP
전주 여행,누구,NP
전주 여행,알라딘,NNP
전주 여행,김주미,NNP
전주 여행,이곳,NP
전주 여행,전라북도,NNP
전주 여행,한옥마을,NNP
전주 여행,한옥마을,NNP
전주 여행,한국,NNP
전주 여행,한국,NNP
전주 여행,서울,NNP
전주 여행,한옥마을,NNP
전주 여행,서울,NNP
전주 여행,한옥마을,NNP
전주 여행,광주,NNP
전주 여행,전북,NNP
전주 여행,한옥마을,NNP
전주 여행,둘레길,NNP
전주 여행,전라북도,NNP
전주 여행,전북,NNP
전주 여행,전라북도,NNP
전주 여행,전북,NNP
전주 여행,한옥마을,NNP
전주 여행,한옥마을,NNP
전주 여행,한옥마을,NNP
전주 여행,데프콘,NNP
전주 여행,어디,NP
전주 여행,풍년제,NNP
전주 여행,초코파이,NNP
전주 여행,초코파이,NNP
전주 여행,풍년제,NNP
전주 여행,우리,NP
전주 여행,초코파이,NNP
전주 여행,구일집,NNP
전주 여행,구일집,NNP
전주 여행,한옥마을,NNP
전주 여행,알라딘,NNP
전주 여행,김주미,NNP
전주 여행,네오,NNP
전주 여행,달고나,NNP
전주 여행,여기,NP
전주 여행,체다,NNP
전주 여행,전동성당,NNP
전주 여행,한옥마을,NNP
전주 여행,전동성당,NNP
전주 여행,교동,NNP
전주 여행,시래,NNP
전주 여행,옥마,NNP
전주 여행,교동,NNP
전주 여행,시래,NNP
전주 여행,한옥마을,NNP
전주 여행,한옥마을,NNP
전주 여행,브런치,NNP
전주 여행,브런치,NNP
전주 여행,브런치,NNP
전주 여행,카페,NNP
전주 여행,브런치,NNP
전주 여행,고고씽,NNP
전주 여행,마이산,NNP
전주 여행,마이산,NNP
전주 여행,덕진,NNP
전주 여행,한국,NNP
전주 여행,전북,NNP
전주 여행,전북,NNP
전주 여행,마이산,NNP
전주 여행,한식재단,NNP
전주 여행,지리산,NNP
전주 여행,둘레길,NNP
전주 여행,어디,NP
전주 여행,한옥마을,NNP
전주 여행,한옥마을,NNP
전주 여행,한옥,NNP
전주 여행,일바,NNP
전주 여행,한옥,NNP
전주 여행,레일바이크,NNP
전주 여행,아중역,NNP
전주 여행,한옥,NNP
전주 여행,레일바이크,NNP
전주 여행,고분군,NNP
전주 여행,고분군,NNP
전주 여행,조선,NNP
전주 여행,알라딘,NNP
전주 여행,김주미,NNP
전주 여행,견훤,NNP
전주 여행,조선,NNP
전주 여행,견훤,NNP
전주 여행,완산,NNP
전주 여행,견훤,NNP
전주 여행,완산,NNP
전주 여행,누구,NP
전주 여행,호공,NNP
전주 여행,레일바이크,NNP
전주 여행,조선,NNP
전주 여행,한옥마을,NNP
전주 여행,임실,NNP
전주 여행,슬치,NNP
전주 여행,조선,NNP
전주 여행,완산,NNP
전주 여행,완산,NNP
전주 여행,완산,NNP
전주 여행,완산,NNP
전주 여행,완산,NNP
전주 여행,조선,NNP
전주 여행,완산,NNP
전주 여행,완산,NNP
전주 여행,고원,NNP
전주 여행,조선왕조실록,NNP
전주 여행,조선왕조실록,NNP
전주 여행,조선,NNP
전주 여행,조선,NNP
전주 여행,한옥마을,NNP
전주 여행,한옥마을,NNP
전주 여행,한옥마을,NNP
전주 여행,태조,NNP
전주 여행,이성계,NNP
전주 여행,대한민국,NNP
전주 여행,덕진,NNP
전주 여행,덕진,NNP
전주 여행,덕진,NNP
전주 여행,덕진,NNP
전주 여행,에코,NNP
전주 여행,병호,NNP
전주 여행,에코,NNP
전주 여행,한옥마을,NNP
전주 여행,에코,NNP
전주 여행,견훤,NNP
전주 여행,완산,NNP
전주 여행,견훤,NNP
전주 여행,알라딘,NNP
전주 여행,북카페,NNP
전주 여행,카프카,NNP
전주 여행,완산,NNP
전주 여행,완산,NNP
전주 여행,완산,NNP
전주 여행,완산,NNP
전주 여행,이싸,NNP
전주 여행,조선,NNP
전주 여행,완산,NNP
전주 여행,완산,NNP
전주 여행,에코,NNP
전주 여행,한옥마을,NNP
전주 여행,에코,NNP
전주 여행,에코,NNP
전주 여행,포스팅,NNP
전주 여행,전동성당,NNP
전주 여행,한옥마을,NNP
전주 여행,한옥마을,NNP
전주 여행,전동성당,NNP
전주 여행,한옥마을,NNP
전주 여행,한옥마을,NNP
전주 여행,한옥마을,NNP
전주 여행,조선,NNP
전주 여행,중국,NNP
전주 여행,일본,NNP
전주 여행,한옥마을,NNP
전주 여행,한국,NNP
전주 여행,전북,NNP
전주 여행,한국,NNP
전주 여행,이다,NNP
전주 여행,전북,NNP
전주 여행,한옥마을,NNP
전주 여행,시식,NNP
전주 여행,덕진,NNP
전주 여행,덕진,NNP
전주 여행,덕진,NNP
전주 여행,덕진,NNP
전주 여행,덕진,NNP
전주 여행,한옥마을,NNP
전주 여행,한옥,NNP
전주 여행,스테이,NNP
전주 여행,태조,NNP
전주 여행,마루,NNP
전주 여행,한옥마을,NNP
전주 여행,한옥마을,NNP
전주 여행,이곳,NP
전주 여행,한옥마을,NNP
전주 여행,한옥마을,NNP
전주 여행,루이,NNP
전주 여행,전라북도,NNP
전주 여행,한옥마을,NNP
전주 여행,조선,NNP
전주 여행,한옥마을,NNP
전주 여행,가즈,NNP
전주 여행,리저,NNP
전주 여행,한옥마을,NNP
전주 여행,이성계,NNP
전주 여행,한옥마을,NNP
전주 여행,한옥마을,NNP
전주 여행,전라,NNP
전주 여행,한옥마을,NNP
전주 여행,한국,NNP
전주 여행,승광,NNP
전주 여행,한옥마을,NNP
전주 여행,한국도로공사,NNP
전주 여행,조선,NNP
전주 여행,한국도로공사,NNP
전주 여행,어디,NP
전주 여행,제주,NNP
전주 여행,유럽,NNP
전주 여행,코티지,NNP
전주 여행,제주,NNP
전주 여행,유럽,NNP
전주 여행,데크,NNP
전주 여행,한국,NNP
전주 여행,도로공사,NNP
전주 여행,그곳,NP
전주 여행,조선,NNP
전주 여행,덕진,NNP
전주 여행,덕진,NNP
전주 여행,조선,NNP
전주 여행,덕진,NNP
전주 여행,덕진,NNP
전주 여행,덕진,NNP
전주 여행,광주,NNP
전주 여행,당신,NP
전주 여행,한옥마을,NNP
전주 여행,광주,NNP
전주 여행,한옥마을,NNP
전주 여행,한국,NNP
전주 여행,한옥마을,NNP
전주 여행,대한민국,NNP
전주 여행,한옥마을,NNP
전주 여행,전북,NNP
전주 여행,한옥마을,NNP
전주 여행,임실,NNP
전주 여행,한국,NNP
전주 여행,이곳,NP
전주 여행,루이,NNP
전주 여행,한옥마을,NNP
전주 여행,한옥마을,NNP
전주 여행,루이,NNP
전주 여행,완산구,NNP
전주 여행,완산구,NNP
전주 여행,교동,NNP
전주 여행,아시아,NNP
전주 여행,한옥마을,NNP
전주 여행,한옥마을,NNP
전주 여행,이다,NNP
전주 여행,한옥마을,NNP
전주 여행,한울,NNP
전주 여행,한울,NNP
전주 여행,전북,NNP
전주 여행,이곳,NP
전주 여행,그대,NP
전주 여행,티스토리,NNP
전주 여행,한옥마을,NNP
전주 여행,알라딘,NNP
전주 여행,리뷰,NNP
전주 여행,알라딘,NNP
전주 여행,서재,NNP
전주 여행,그곳,NP
전주 여행,무엇,NP
전주 여행,무엇,NP
전주 여행,한국,NNP
전주 여행,알라딘,NNP
전주 여행,코리아,NNP
전주 여행,코리아,NNP
전주 여행,알라딘,NNP
전주 여행,알라딘,NNP
전주 여행,서재,NNP
전주 여행,오렌지캬라멜,NNP
전주 여행,서울,NNP
전주 여행,언제,NP
전주 여행,한옥마을,NNP
전주 여행,오렌지,NNP
전주 여행,카라멜,NNP
전주 여행,전라북도,NNP
전주 여행,대한민국,NNP
전주 여행,전북,NNP
전주 여행,구이면,NNP
전주 여행,대한민국,NNP
전주 여행,대한민국,NNP
전주 여행,테미,NNP
전주 여행,한옥마을,NNP
전주 여행,완주,NNP
전주 여행,소양,NNP
전주 여행,군산,NNP
전주 여행,한옥마을,NNP
전주 여행,군산,NNP
전주 여행,르윈,NNP
전주 여행,군산,NNP
전주 여행,전북,NNP
전주 여행,덕진구,NNP
전주 여행,금암동,NNP
전주 여행,서울,NNP
전주 여행,한옥마을,NNP
전주 여행,알라딘,NNP
전주 여행,서재,NNP
전주 여행,우리,NP
전주 여행,덕진,NNP
전주 여행,서울,NNP
전주 여행,강원도,NNP
전주 여행,한옥마을,NNP
전주 여행,네이버,NNP
전주 여행,전북,NNP
전주 여행,완산구,NNP
전주 여행,한옥마을,NNP
전주 여행,전라북도,NNP
전주 여행,이곳,NP
