지역명,평당분양가격,연도,월
서울,18189.0,2013,12
부산,8111.0,2013,12
대구,8080.0,2013,12
인천,10204.0,2013,12
광주,6098.0,2013,12
대전,8321.0,2013,12
울산,8090.0,2013,12
경기,10855.0,2013,12
세종,7601.0,2013,12
강원,6230.0,2013,12
충북,6589.0,2013,12
충남,6365.0,2013,12
전북,6282.0,2013,12
전남,5678.0,2013,12
경북,6168.0,2013,12
경남,6473.0,2013,12
제주,7674.0,2013,12
서울,17925.0,2014,1
부산,8111.0,2014,1
대구,8080.0,2014,1
인천,10204.0,2014,1
광주,7326.0,2014,1
대전,8321.0,2014,1
울산,8090.0,2014,1
경기,10855.0,2014,1
세종,7600.0,2014,1
강원,6230.0,2014,1
충북,6589.0,2014,1
충남,6365.0,2014,1
전북,6281.0,2014,1
전남,5678.0,2014,1
경북,6168.0,2014,1
경남,6485.0,2014,1
제주,7900.0,2014,1
서울,17925.0,2014,2
부산,9078.0,2014,2
대구,8077.0,2014,2
인천,10408.0,2014,2
광주,7611.0,2014,2
대전,8321.0,2014,2
울산,8090.0,2014,2
경기,10791.0,2014,2
세종,7532.0,2014,2
강원,6230.0,2014,2
충북,6611.0,2014,2
충남,6379.0,2014,2
전북,5946.0,2014,2
전남,5678.0,2014,2
경북,6234.0,2014,2
경남,6502.0,2014,2
제주,7900.0,2014,2
서울,18016.0,2014,3
부산,8965.0,2014,3
대구,8101.0,2014,3
인천,10408.0,2014,3
광주,7346.0,2014,3
대전,8341.0,2014,3
울산,8153.0,2014,3
경기,10784.0,2014,3
세종,7814.0,2014,3
강원,6141.0,2014,3
충북,6625.0,2014,3
충남,6287.0,2014,3
전북,5966.0,2014,3
전남,5696.0,2014,3
경북,6317.0,2014,3
경남,6610.0,2014,3
제주,7900.0,2014,3
서울,18098.0,2014,4
부산,9402.0,2014,4
대구,8267.0,2014,4
인천,10000.0,2014,4
광주,7346.0,2014,4
대전,8341.0,2014,4
울산,8153.0,2014,4
경기,10876.0,2014,4
세종,7908.0,2014,4
강원,6373.0,2014,4
충북,6678.0,2014,4
충남,6552.0,2014,4
전북,6277.0,2014,4
전남,5736.0,2014,4
경북,6412.0,2014,4
경남,6599.0,2014,4
제주,7900.0,2014,4
서울,19446.0,2014,5
부산,9501.0,2014,5
대구,8274.0,2014,5
인천,9844.0,2014,5
광주,7523.0,2014,5
대전,8341.0,2014,5
울산,8153.0,2014,5
경기,10646.0,2014,5
세종,7934.0,2014,5
강원,6350.0,2014,5
충북,6598.0,2014,5
충남,6591.0,2014,5
전북,6306.0,2014,5
전남,5656.0,2014,5
경북,6409.0,2014,5
경남,6610.0,2014,5
제주,7900.0,2014,5
서울,18867.0,2014,6
부산,9453.0,2014,6
대구,8360.0,2014,6
인천,10058.0,2014,6
광주,7659.0,2014,6
대전,8333.0,2014,6
울산,8153.0,2014,6
경기,10266.0,2014,6
세종,8067.0,2014,6
강원,6350.0,2014,6
충북,6587.0,2014,6
충남,6644.0,2014,6
전북,6351.0,2014,6
전남,5609.0,2014,6
경북,6554.0,2014,6
경남,6615.0,2014,6
제주,7914.0,2014,6
서울,18742.0,2014,7
부산,9457.0,2014,7
대구,8360.0,2014,7
인천,9974.0,2014,7
광주,7612.0,2014,7
대전,8333.0,2014,7
울산,8153.0,2014,7
경기,10124.0,2014,7
세종,8067.0,2014,7
강원,6268.0,2014,7
충북,6586.0,2014,7
충남,6805.0,2014,7
전북,6319.0,2014,7
전남,5780.0,2014,7
경북,6556.0,2014,7
경남,6613.0,2014,7
제주,7914.0,2014,7
서울,19274.0,2014,8
부산,9411.0,2014,8
대구,8370.0,2014,8
인천,9973.0,2014,8
광주,7622.0,2014,8
대전,8333.0,2014,8
울산,8493.0,2014,8
경기,10134.0,2014,8
세종,8141.0,2014,8
강원,6268.0,2014,8
충북,6586.0,2014,8
충남,6914.0,2014,8
전북,6436.0,2014,8
전남,5685.0,2014,8
경북,6563.0,2014,8
경남,6606.0,2014,8
제주,7914.0,2014,8
서울,19404.0,2014,9
부산,9258.0,2014,9
대구,8449.0,2014,9
인천,9973.0,2014,9
광주,7802.0,2014,9
대전,8048.0,2014,9
울산,8493.0,2014,9
경기,10501.0,2014,9
세종,8282.0,2014,9
강원,6419.0,2014,9
충북,6584.0,2014,9
충남,6882.0,2014,9
전북,6719.0,2014,9
전남,5804.0,2014,9
경북,6577.0,2014,9
경남,6767.0,2014,9
제주,7833.0,2014,9
서울,19759.0,2014,10
부산,9110.0,2014,10
대구,8403.0,2014,10
인천,10016.0,2014,10
광주,7707.0,2014,10
대전,8038.0,2014,10
울산,8627.0,2014,10
경기,10397.0,2014,10
세종,8527.0,2014,10
강원,6631.0,2014,10
충북,6529.0,2014,10
충남,6831.0,2014,10
전북,6581.0,2014,10
전남,5753.0,2014,10
경북,6778.0,2014,10
경남,6881.0,2014,10
제주,7724.0,2014,10
서울,20242.0,2014,11
부산,9208.0,2014,11
대구,8439.0,2014,11
인천,10020.0,2014,11
광주,7752.0,2014,11
대전,8067.0,2014,11
울산,8891.0,2014,11
경기,10356.0,2014,11
세종,8592.0,2014,11
강원,6365.0,2014,11
충북,6724.0,2014,11
충남,6940.0,2014,11
전북,6583.0,2014,11
전남,5768.0,2014,11
경북,6881.0,2014,11
경남,7125.0,2014,11
제주,7724.0,2014,11
서울,20269.0,2014,12
부산,9208.0,2014,12
대구,8253.0,2014,12
인천,10020.0,2014,12
광주,7748.0,2014,12
대전,8067.0,2014,12
울산,8891.0,2014,12
경기,10379.0,2014,12
세종,8560.0,2014,12
강원,6365.0,2014,12
충북,6743.0,2014,12
충남,6989.0,2014,12
전북,6583.0,2014,12
전남,5784.0,2014,12
경북,6989.0,2014,12
경남,7332.0,2014,12
제주,7739.0,2014,12
서울,20670.0,2015,1
부산,9204.0,2015,1
대구,8327.0,2015,1
인천,10017.0,2015,1
광주,7752.0,2015,1
대전,8067.0,2015,1
울산,8526.0,2015,1
경기,10391.0,2015,1
세종,8560.0,2015,1
강원,6348.0,2015,1
충북,6749.0,2015,1
충남,6976.0,2015,1
전북,6583.0,2015,1
전남,5784.0,2015,1
경북,6992.0,2015,1
경남,7592.0,2015,1
제주,7739.0,2015,1
서울,20670.0,2015,2
부산,9235.0,2015,2
대구,8416.0,2015,2
인천,9876.0,2015,2
광주,7756.0,2015,2
대전,8067.0,2015,2
울산,8526.0,2015,2
경기,10355.0,2015,2
세종,8560.0,2015,2
강원,6350.0,2015,2
충북,6747.0,2015,2
충남,6980.0,2015,2
전북,6583.0,2015,2
전남,5833.0,2015,2
경북,6953.0,2015,2
경남,7588.0,2015,2
제주,7739.0,2015,2
서울,19415.0,2015,3
부산,9279.0,2015,3
대구,8441.0,2015,3
인천,9876.0,2015,3
광주,7861.0,2015,3
대전,8067.0,2015,3
울산,8629.0,2015,3
경기,10469.0,2015,3
세종,8555.0,2015,3
강원,6182.0,2015,3
충북,6783.0,2015,3
충남,7161.0,2015,3
전북,6542.0,2015,3
전남,5825.0,2015,3
경북,6997.0,2015,3
경남,7668.0,2015,3
제주,7826.0,2015,3
서울,18842.0,2015,4
부산,9327.0,2015,4
대구,8446.0,2015,4
인천,9938.0,2015,4
광주,7914.0,2015,4
대전,8145.0,2015,4
울산,9380.0,2015,4
경기,10684.0,2015,4
세종,8546.0,2015,4
강원,6924.0,2015,4
충북,6790.0,2015,4
충남,7017.0,2015,4
전북,6551.0,2015,4
전남,5940.0,2015,4
경북,7006.0,2015,4
경남,7683.0,2015,4
제주,7285.0,2015,4
서울,18367.0,2015,5
부산,9345.0,2015,5
대구,8568.0,2015,5
인천,10551.0,2015,5
광주,7877.0,2015,5
대전,8272.0,2015,5
울산,9192.0,2015,5
경기,10685.0,2015,5
세종,8546.0,2015,5
강원,6846.0,2015,5
충북,6805.0,2015,5
충남,6975.0,2015,5
전북,6556.0,2015,5
전남,6050.0,2015,5
경북,6966.0,2015,5
경남,7717.0,2015,5
제주,7285.0,2015,5
서울,18374.0,2015,6
부산,9515.0,2015,6
대구,8542.0,2015,6
인천,10443.0,2015,6
광주,7881.0,2015,6
대전,8079.0,2015,6
울산,9190.0,2015,6
경기,10573.0,2015,6
세종,8671.0,2015,6
강원,6986.0,2015,6
충북,6682.0,2015,6
충남,6939.0,2015,6
전북,6601.0,2015,6
전남,6243.0,2015,6
경북,6887.0,2015,6
경남,7715.0,2015,6
제주,7343.0,2015,6
서울,18152.0,2015,7
부산,9559.0,2015,7
대구,8542.0,2015,7
인천,10443.0,2015,7
광주,8089.0,2015,7
대전,8079.0,2015,7
울산,9190.0,2015,7
경기,10518.0,2015,7
세종,8669.0,2015,7
강원,7019.0,2015,7
충북,6601.0,2015,7
충남,6935.0,2015,7
전북,6750.0,2015,7
전남,6286.0,2015,7
경북,7035.0,2015,7
경남,7723.0,2015,7
제주,7343.0,2015,7
서울,18443.0,2015,8
부산,9581.0,2015,8
대구,8795.0,2015,8
인천,10449.0,2015,8
광주,8231.0,2015,8
대전,8079.0,2015,8
울산,9215.0,2015,8
경기,10573.0,2015,8
세종,8695.0,2015,8
강원,7008.0,2015,8
충북,6603.0,2015,8
충남,6942.0,2015,8
전북,6580.0,2015,8
전남,6289.0,2015,8
경북,7037.0,2015,8
경남,7665.0,2015,8
제주,7343.0,2015,8
서울,19275.3,2015,10
인천,10437.9,2015,10
경기,10355.4,2015,10
부산,10269.6,2015,10
대구,8850.6,2015,10
광주,7986.0,2015,10
대전,8098.2,2015,10
울산,10074.9,2015,10
세종,8718.6,2015,10
강원,7151.099999999999,2015,10
충북,6705.599999999999,2015,10
충남,6926.7,2015,10
전북,6778.2,2015,10
전남,6352.5,2015,10
경북,7088.4,2015,10
경남,7560.299999999999,2015,10
제주,7365.599999999999,2015,10
서울,19965.0,2015,11
인천,10507.2,2015,11
경기,10223.4,2015,11
부산,10332.3,2015,11
대구,9071.7,2015,11
광주,7999.2,2015,11
대전,8098.2,2015,11
울산,10041.9,2015,11
세종,8738.4,2015,11
강원,7164.299999999999,2015,11
충북,6613.2,2015,11
충남,6930.0,2015,11
전북,6788.099999999999,2015,11
전남,6299.7,2015,11
경북,7227.0,2015,11
경남,7583.4,2015,11
제주,7365.599999999999,2015,11
서울,19935.3,2015,12
인천,10507.2,2015,12
경기,10553.4,2015,12
부산,10319.1,2015,12
대구,9774.6,2015,12
광주,8170.799999999999,2015,12
대전,8098.2,2015,12
울산,10041.9,2015,12
세종,8794.5,2015,12
강원,7164.299999999999,2015,12
충북,6616.5,2015,12
충남,7487.7,2015,12
전북,6543.9,2015,12
전남,6299.7,2015,12
경북,7197.299999999999,2015,12
경남,7613.099999999999,2015,12
제주,7484.4,2015,12
서울,20156.4,2016,1
인천,10530.3,2016,1
경기,10553.4,2016,1
부산,10401.6,2016,1
대구,10183.8,2016,1
광주,8477.699999999999,2016,1
대전,8098.2,2016,1
울산,10051.8,2016,1
세종,8794.5,2016,1
강원,7170.9,2016,1
충북,6626.4,2016,1
충남,7491.0,2016,1
전북,6534.0,2016,1
전남,6299.7,2016,1
경북,7197.299999999999,2016,1
경남,7679.099999999999,2016,1
제주,7484.4,2016,1
서울,20166.3,2016,2
인천,10533.6,2016,2
경기,10622.7,2016,2
부산,10408.2,2016,2
대구,10111.2,2016,2
광주,8477.699999999999,2016,2
대전,8098.2,2016,2
울산,10051.8,2016,2
세종,8794.5,2016,2
강원,7170.9,2016,2
충북,6626.4,2016,2
충남,7497.599999999999,2016,2
전북,6534.0,2016,2
전남,6345.9,2016,2
경북,7190.7,2016,2
경남,7781.4,2016,2
제주,7484.4,2016,2
서울,20370.9,2016,3
인천,10527.0,2016,3
경기,10609.5,2016,3
부산,10487.4,2016,3
대구,10292.7,2016,3
광주,8547.0,2016,3
대전,8098.2,2016,3
울산,10117.8,2016,3
세종,8811.0,2016,3
강원,7240.2,2016,3
충북,6534.0,2016,3
충남,6979.5,2016,3
전북,6438.299999999999,2016,3
전남,6339.299999999999,2016,3
경북,7190.7,2016,3
경남,7863.9,2016,3
제주,7636.2,2016,3
서울,20595.3,2016,4
인천,10685.4,2016,4
경기,10556.7,2016,4
부산,10457.7,2016,4
대구,10335.6,2016,4
광주,8910.0,2016,4
대전,8081.7,2016,4
울산,10137.6,2016,4
세종,8844.0,2016,4
강원,7062.0,2016,4
충북,6494.4,2016,4
충남,7157.7,2016,4
전북,6299.7,2016,4
전남,6352.5,2016,4
경북,7184.099999999999,2016,4
경남,7890.299999999999,2016,4
제주,8972.699999999999,2016,4
서울,20671.2,2016,5
인천,10490.7,2016,5
경기,11361.9,2016,5
부산,10388.4,2016,5
대구,10335.6,2016,5
광주,8982.6,2016,5
대전,8134.5,2016,5
울산,10154.1,2016,5
세종,8844.0,2016,5
강원,6986.099999999999,2016,5
충북,6534.0,2016,5
충남,7147.799999999999,2016,5
전북,6418.5,2016,5
전남,6359.099999999999,2016,5
경북,7180.799999999999,2016,5
경남,7857.299999999999,2016,5
제주,8880.3,2016,5
서울,20486.4,2016,6
인천,10573.2,2016,6
경기,11688.6,2016,6
부산,10395.0,2016,6
대구,10342.2,2016,6
광주,9032.1,2016,6
대전,8454.6,2016,6
울산,10127.7,2016,6
세종,8853.9,2016,6
강원,6943.2,2016,6
충북,6755.099999999999,2016,6
충남,7253.4,2016,6
전북,6372.299999999999,2016,6
전남,6494.4,2016,6
경북,7385.4,2016,6
경남,7883.7,2016,6
제주,9329.1,2016,6
서울,20638.2,2016,7
인천,10632.6,2016,7
경기,11652.3,2016,7
부산,10421.4,2016,7
대구,10329.0,2016,7
광주,9048.6,2016,7
대전,8454.6,2016,7
울산,10127.7,2016,7
세종,8867.1,2016,7
강원,6933.299999999999,2016,7
충북,6847.5,2016,7
충남,7253.4,2016,7
전북,6365.7,2016,7
전남,6494.4,2016,7
경북,7418.4,2016,7
경남,7837.5,2016,7
제주,9329.1,2016,7
서울,20740.5,2016,8
인천,10675.5,2016,8
경기,11751.3,2016,8
부산,10510.5,2016,8
대구,10385.1,2016,8
광주,8995.8,2016,8
대전,8454.6,2016,8
울산,9820.8,2016,8
세종,8890.199999999999,2016,8
강원,6923.4,2016,8
충북,7009.2,2016,8
충남,7375.5,2016,8
전북,6365.7,2016,8
전남,6487.799999999999,2016,8
경북,7385.4,2016,8
경남,7867.2,2016,8
제주,9497.4,2016,8
서울,20733.9,2016,9
인천,10454.4,2016,9
경기,11088.0,2016,9
부산,10560.0,2016,9
대구,10385.1,2016,9
광주,8979.3,2016,9
대전,8306.1,2016,9
울산,9820.8,2016,9
세종,8873.699999999999,2016,9
강원,6930.0,2016,9
충북,7012.5,2016,9
충남,7378.799999999999,2016,9
전북,6352.5,2016,9
전남,6507.599999999999,2016,9
경북,7428.299999999999,2016,9
경남,7890.299999999999,2016,9
제주,10173.9,2016,9
서울,21120.0,2016,10
인천,10553.4,2016,10
경기,11322.3,2016,10
부산,10220.1,2016,10
대구,10385.1,2016,10
광주,8992.5,2016,10
대전,10117.8,2016,10
울산,10576.5,2016,10
세종,8910.0,2016,10
강원,7052.099999999999,2016,10
충북,6923.4,2016,10
충남,7415.099999999999,2016,10
전북,6359.099999999999,2016,10
전남,6540.599999999999,2016,10
경북,7570.2,2016,10
경남,7959.599999999999,2016,10
제주,10173.9,2016,10
서울,21021.0,2016,11
인천,10398.3,2016,11
경기,11701.8,2016,11
부산,10173.9,2016,11
대구,10259.7,2016,11
광주,9157.5,2016,11
대전,8860.5,2016,11
울산,10758.0,2016,11
세종,8916.6,2016,11
강원,6834.299999999999,2016,11
충북,7012.5,2016,11
충남,7514.099999999999,2016,11
전북,6362.4,2016,11
전남,6784.799999999999,2016,11
경북,7570.2,2016,11
경남,7784.7,2016,11
제주,10253.1,2016,11
서울,21261.9,2016,12
인천,10335.6,2016,12
경기,11731.5,2016,12
부산,10734.9,2016,12
대구,10375.2,2016,12
광주,9183.9,2016,12
대전,8860.5,2016,12
울산,10758.0,2016,12
세종,8926.5,2016,12
강원,6887.099999999999,2016,12
충북,6867.299999999999,2016,12
충남,7504.2,2016,12
전북,6613.2,2016,12
전남,6857.4,2016,12
경북,7626.299999999999,2016,12
경남,7880.4,2016,12
제주,10335.6,2016,12
서울,21285.0,2017,1
인천,10335.6,2017,1
경기,11728.2,2017,1
부산,10705.2,2017,1
대구,10299.3,2017,1
광주,9167.4,2017,1
대전,8860.5,2017,1
울산,10758.0,2017,1
세종,8926.5,2017,1
강원,6880.5,2017,1
충북,6946.5,2017,1
충남,7375.5,2017,1
전북,6619.799999999999,2017,1
전남,6857.4,2017,1
경북,7629.599999999999,2017,1
경남,7887.0,2017,1
제주,10309.2,2017,1
서울,21331.2,2017,2
인천,10451.1,2017,2
경기,11903.1,2017,2
부산,10701.9,2017,2
대구,10421.4,2017,2
광주,9167.4,2017,2
대전,8979.3,2017,2
울산,10767.9,2017,2
세종,8926.5,2017,2
강원,6897.0,2017,2
충북,6745.2,2017,2
충남,7378.799999999999,2017,2
전북,6629.7,2017,2
전남,6906.9,2017,2
경북,7613.099999999999,2017,2
경남,7867.2,2017,2
제주,10342.2,2017,2
서울,21021.0,2017,3
인천,10490.7,2017,3
경기,11985.6,2017,3
부산,10857.0,2017,3
대구,10560.0,2017,3
광주,9183.9,2017,3
대전,8979.3,2017,3
울산,10767.9,2017,3
세종,8926.5,2017,3
강원,6824.4,2017,3
충북,6520.799999999999,2017,3
충남,7382.099999999999,2017,3
전북,6745.2,2017,3
전남,6897.0,2017,3
경북,7560.299999999999,2017,3
경남,7943.099999999999,2017,3
제주,10220.1,2017,3
서울,21007.8,2017,4
인천,10490.7,2017,4
경기,11893.2,2017,4
부산,10853.7,2017,4
대구,10490.7,2017,4
광주,9418.2,2017,4
대전,9038.7,2017,4
울산,11807.4,2017,4
세종,9005.699999999999,2017,4
강원,6824.4,2017,4
충북,6732.0,2017,4
충남,7329.299999999999,2017,4
전북,6946.5,2017,4
전남,6949.799999999999,2017,4
경북,7649.4,2017,4
경남,7923.299999999999,2017,4
제주,10965.9,2017,4
서울,21120.0,2017,5
인천,10860.3,2017,5
경기,11464.2,2017,5
부산,11711.7,2017,5
대구,10490.7,2017,5
광주,9537.0,2017,5
대전,9038.7,2017,5
울산,11807.4,2017,5
세종,9005.699999999999,2017,5
강원,6877.2,2017,5
충북,6765.0,2017,5
충남,7332.599999999999,2017,5
전북,7029.0,2017,5
전남,7144.5,2017,5
경북,7797.9,2017,5
경남,7979.4,2017,5
제주,11414.7,2017,5
서울,22001.1,2017,6
인천,10975.8,2017,6
경기,11513.7,2017,6
부산,11932.8,2017,6
대구,10711.8,2017,6
광주,9609.6,2017,6
대전,9038.7,2017,6
울산,11820.6,2017,6
세종,9018.9,2017,6
강원,7032.299999999999,2017,6
충북,6741.9,2017,6
충남,7504.2,2017,6
전북,7263.299999999999,2017,6
전남,7085.099999999999,2017,6
경북,7863.9,2017,6
경남,8065.2,2017,6
제주,10804.2,2017,6
서울,21690.9,2017,7
인천,10962.6,2017,7
경기,11975.7,2017,7
부산,11926.2,2017,7
대구,12771.0,2017,7
광주,9550.2,2017,7
대전,9035.4,2017,7
울산,11820.6,2017,7
세종,9018.9,2017,7
강원,7081.799999999999,2017,7
충북,6741.9,2017,7
충남,7507.5,2017,7
전북,7243.5,2017,7
전남,7085.099999999999,2017,7
경북,7860.599999999999,2017,7
경남,8134.5,2017,7
제주,11005.5,2017,7
서울,20367.6,2017,8
인천,10800.9,2017,8
경기,12015.3,2017,8
부산,11843.7,2017,8
대구,13180.2,2017,8
광주,9579.9,2017,8
대전,9035.4,2017,8
울산,11820.6,2017,8
세종,9022.2,2017,8
강원,7484.4,2017,8
충북,6765.0,2017,8
충남,7448.099999999999,2017,8
전북,7289.7,2017,8
전남,7306.2,2017,8
경북,8055.299999999999,2017,8
경남,8299.5,2017,8
제주,11005.5,2017,8
서울,21473.1,2017,9
인천,10896.6,2017,9
경기,11972.4,2017,9
부산,11860.2,2017,9
대구,12668.7,2017,9
광주,9718.5,2017,9
대전,9550.2,2017,9
울산,11820.6,2017,9
세종,9101.4,2017,9
강원,7375.5,2017,9
충북,6778.2,2017,9
충남,7448.099999999999,2017,9
전북,7322.7,2017,9
전남,7306.2,2017,9
경북,8015.7,2017,9
경남,8283.0,2017,9
제주,10632.6,2017,9
서울,21707.4,2017,10
인천,10890.0,2017,10
경기,11962.5,2017,10
부산,12285.9,2017,10
대구,12668.7,2017,10
광주,9609.6,2017,10
대전,9005.699999999999,2017,10
울산,11170.5,2017,10
세종,9104.7,2017,10
강원,7520.7,2017,10
충북,6798.0,2017,10
충남,7533.9,2017,10
전북,7200.599999999999,2017,10
전남,7606.5,2017,10
경북,7811.099999999999,2017,10
경남,8038.799999999999,2017,10
제주,10632.6,2017,10
서울,21968.1,2017,11
인천,10890.0,2017,11
경기,11738.1,2017,11
부산,12606.0,2017,11
대구,12071.4,2017,11
광주,9553.5,2017,11
대전,9180.6,2017,11
울산,11134.2,2017,11
세종,9108.0,2017,11
강원,7652.7,2017,11
충북,6854.099999999999,2017,11
충남,7451.4,2017,11
전북,7260.0,2017,11
전남,7883.7,2017,11
경북,7887.0,2017,11
경남,8649.3,2017,11
제주,11748.0,2017,11
서울,22129.8,2017,12
인천,10949.4,2017,12
경기,11936.1,2017,12
부산,12678.6,2017,12
대구,11751.3,2017,12
광주,9556.8,2017,12
대전,8929.8,2017,12
울산,10434.6,2017,12
세종,10431.3,2017,12
강원,7596.599999999999,2017,12
충북,6854.099999999999,2017,12
충남,7778.099999999999,2017,12
전북,7345.799999999999,2017,12
전남,7920.0,2017,12
경북,7887.0,2017,12
경남,8896.8,2017,12
제주,11807.4,2017,12
서울,21855.9,2018,1
인천,10998.9,2018,1
경기,12691.8,2018,1
부산,12678.6,2018,1
대구,11830.5,2018,1
광주,9550.2,2018,1
대전,9055.2,2018,1
울산,10434.6,2018,1
세종,10431.3,2018,1
강원,7669.2,2018,1
충북,6854.099999999999,2018,1
충남,7900.2,2018,1
전북,7345.799999999999,2018,1
전남,7920.0,2018,1
경북,8055.299999999999,2018,1
경남,8896.8,2018,1
제주,11998.8,2018,1
서울,21882.3,2018,2
인천,11028.6,2018,2
경기,12790.8,2018,2
부산,12705.0,2018,2
대구,11101.2,2018,2
광주,9550.2,2018,2
대전,9527.1,2018,2
울산,10474.2,2018,2
세종,10431.3,2018,2
강원,7665.9,2018,2
충북,7147.799999999999,2018,2
충남,7900.2,2018,2
전북,7500.9,2018,2
전남,7774.799999999999,2018,2
경북,8055.299999999999,2018,2
경남,8903.4,2018,2
제주,12635.7,2018,2
서울,22558.8,2018,3
인천,11408.1,2018,3
경기,12790.8,2018,3
부산,12596.1,2018,3
대구,11193.6,2018,3
광주,9669.0,2018,3
대전,9527.1,2018,3
울산,10474.2,2018,3
세종,10431.3,2018,3
강원,7890.299999999999,2018,3
충북,8101.5,2018,3
충남,7900.2,2018,3
전북,7467.9,2018,3
전남,7748.4,2018,3
경북,8052.0,2018,3
경남,8900.1,2018,3
제주,12952.5,2018,3
서울,22575.3,2018,4
인천,11408.1,2018,4
경기,12734.7,2018,4
부산,12747.9,2018,4
대구,11629.2,2018,4
광주,9520.5,2018,4
대전,9807.6,2018,4
울산,10474.2,2018,4
세종,10332.3,2018,4
강원,7514.099999999999,2018,4
충북,8682.3,2018,4
충남,7900.2,2018,4
전북,7646.099999999999,2018,4
전남,7771.5,2018,4
경북,8052.0,2018,4
경남,8877.0,2018,4
제주,12952.5,2018,4
서울,22832.7,2018,5
인천,11338.8,2018,5
경기,13157.1,2018,5
부산,12714.9,2018,5
대구,12048.3,2018,5
광주,9589.8,2018,5
대전,9807.6,2018,5
울산,10474.2,2018,5
세종,10332.3,2018,5
강원,7553.7,2018,5
충북,8698.8,2018,5
충남,8094.9,2018,5
전북,7675.799999999999,2018,5
전남,7774.799999999999,2018,5
경북,8672.4,2018,5
경남,8893.5,2018,5
제주,12952.5,2018,5
서울,22090.2,2018,6
인천,11127.6,2018,6
경기,12959.1,2018,6
부산,12817.2,2018,6
대구,12107.7,2018,6
광주,9900.0,2018,6
대전,9807.6,2018,6
울산,10312.5,2018,6
세종,10332.3,2018,6
강원,7563.599999999999,2018,6
충북,7873.799999999999,2018,6
충남,8141.099999999999,2018,6
전북,7675.799999999999,2018,6
전남,7774.799999999999,2018,6
경북,8682.3,2018,6
경남,8893.5,2018,6
제주,12952.5,2018,6
서울,22506.0,2018,7
인천,11127.6,2018,7
경기,13041.6,2018,7
부산,13035.0,2018,7
대구,12249.6,2018,7
광주,9685.5,2018,7
대전,9698.7,2018,7
울산,10312.5,2018,7
세종,10332.3,2018,7
강원,7629.599999999999,2018,7
충북,7887.0,2018,7
충남,8141.099999999999,2018,7
전북,7698.9,2018,7
전남,7778.099999999999,2018,7
경북,8824.199999999999,2018,7
경남,8896.8,2018,7
제주,11002.2,2018,7
서울,22212.3,2018,8
인천,11031.9,2018,8
경기,13431.0,2018,8
부산,13107.6,2018,8
대구,12295.8,2018,8
광주,9685.5,2018,8
대전,9698.7,2018,8
울산,10312.5,2018,8
세종,10388.4,2018,8
강원,7669.2,2018,8
충북,7887.0,2018,8
충남,8071.799999999999,2018,8
전북,7626.299999999999,2018,8
전남,7778.099999999999,2018,8
경북,8589.9,2018,8
경남,8781.3,2018,8
제주,11002.2,2018,8
서울,23080.2,2018,9
인천,11031.9,2018,9
경기,13510.2,2018,9
부산,13497.0,2018,9
대구,12342.0,2018,9
광주,9672.3,2018,9
대전,11111.1,2018,9
울산,10312.5,2018,9
세종,10388.4,2018,9
강원,7685.7,2018,9
충북,7867.2,2018,9
충남,8071.799999999999,2018,9
전북,7626.299999999999,2018,9
전남,7761.599999999999,2018,9
경북,8721.9,2018,9
경남,9061.8,2018,9
제주,11002.2,2018,9
서울,24347.4,2018,10
인천,11352.0,2018,10
경기,13648.8,2018,10
부산,13318.8,2018,10
대구,12536.7,2018,10
광주,10045.2,2018,10
대전,11055.0,2018,10
울산,9537.0,2018,10
세종,10388.4,2018,10
강원,7778.099999999999,2018,10
충북,7867.2,2018,10
충남,8071.799999999999,2018,10
전북,7659.299999999999,2018,10
전남,7788.0,2018,10
경북,8662.5,2018,10
경남,9223.5,2018,10
제주,11002.2,2018,10
서울,24317.7,2018,11
인천,11724.9,2018,11
경기,13698.3,2018,11
부산,13332.0,2018,11
대구,12622.5,2018,11
광주,10563.3,2018,11
대전,11055.0,2018,11
울산,9537.0,2018,11
세종,10388.4,2018,11
강원,7873.799999999999,2018,11
충북,7811.099999999999,2018,11
충남,7989.299999999999,2018,11
전북,7731.9,2018,11
전남,7715.4,2018,11
경북,8847.3,2018,11
경남,9230.1,2018,11
제주,10936.2,2018,11
서울,24413.4,2018,12
인천,11708.4,2018,12
경기,13777.5,2018,12
부산,13424.4,2018,12
대구,12952.5,2018,12
광주,10837.2,2018,12
대전,12012.0,2018,12
울산,,2018,12
세종,10081.5,2018,12
강원,7675.799999999999,2018,12
충북,7811.099999999999,2018,12
충남,7969.5,2018,12
전북,7854.0,2018,12
전남,7883.7,2018,12
경북,8847.3,2018,12
경남,9675.6,2018,12
제주,11299.2,2018,12
서울,25080.0,2019,1
인천,11823.9,2019,1
경기,14051.4,2019,1
부산,13424.4,2019,1
대구,13143.9,2019,1
광주,10926.3,2019,1
대전,12173.7,2019,1
울산,,2019,1
세종,10081.5,2019,1
강원,7784.7,2019,1
충북,7811.099999999999,2019,1
충남,8127.9,2019,1
전북,7854.0,2019,1
전남,7966.2,2019,1
경북,8705.4,2019,1
경남,9675.6,2019,1
제주,11299.2,2019,1
서울,25169.1,2019,2
인천,11847.0,2019,2
경기,14044.8,2019,2
부산,13424.4,2019,2
대구,13160.4,2019,2
광주,10926.3,2019,2
대전,12173.7,2019,2
울산,,2019,2
세종,10081.5,2019,2
강원,7784.7,2019,2
충북,7550.4,2019,2
충남,8484.3,2019,2
전북,7873.799999999999,2019,2
전남,7959.599999999999,2019,2
경북,8751.6,2019,2
경남,9675.6,2019,2
제주,11299.2,2019,2
서울,25647.6,2019,3
인천,12150.6,2019,3
경기,14417.7,2019,3
부산,13424.4,2019,3
대구,13117.5,2019,3
광주,10926.3,2019,3
대전,11913.0,2019,3
울산,,2019,3
세종,10081.5,2019,3
강원,7936.5,2019,3
충북,7560.299999999999,2019,3
충남,8570.1,2019,3
전북,8091.599999999999,2019,3
전남,7880.4,2019,3
경북,8741.699999999999,2019,3
경남,9494.1,2019,3
제주,11299.2,2019,3
서울,25687.2,2019,4
인천,12150.6,2019,4
경기,14556.3,2019,4
부산,12959.1,2019,4
대구,13249.5,2019,4
광주,10932.9,2019,4
대전,11820.6,2019,4
울산,,2019,4
세종,11411.4,2019,4
강원,8362.199999999999,2019,4
충북,7596.599999999999,2019,4
충남,8609.699999999999,2019,4
전북,7953.0,2019,4
전남,7623.0,2019,4
경북,8642.699999999999,2019,4
경남,9348.9,2019,4
제주,11355.3,2019,4
서울,25693.8,2019,5
인천,12807.3,2019,5
경기,14358.3,2019,5
부산,12949.2,2019,5
대구,13579.5,2019,5
광주,11602.8,2019,5
대전,11820.6,2019,5
울산,,2019,5
세종,11411.4,2019,5
강원,8236.8,2019,5
충북,7580.099999999999,2019,5
충남,8916.6,2019,5
전북,8147.7,2019,5
전남,7484.4,2019,5
경북,8378.699999999999,2019,5
경남,9705.3,2019,5
제주,11355.3,2019,5
서울,26730.0,2019,6
인천,12827.1,2019,6
경기,14952.3,2019,6
부산,12889.8,2019,6
대구,13747.8,2019,6
광주,11863.5,2019,6
대전,11470.8,2019,6
울산,,2019,6
세종,11411.4,2019,6
강원,8276.4,2019,6
충북,7679.099999999999,2019,6
충남,8639.4,2019,6
전북,8147.7,2019,6
전남,7656.0,2019,6
경북,8378.699999999999,2019,6
경남,9791.1,2019,6
제주,12355.2,2019,6
서울,26621.1,2019,7
인천,12827.1,2019,7
경기,14147.1,2019,7
부산,12777.6,2019,7
대구,14180.1,2019,7
광주,12381.6,2019,7
대전,11474.1,2019,7
울산,,2019,7
세종,11411.4,2019,7
강원,8220.3,2019,7
충북,7557.0,2019,7
충남,8811.0,2019,7
전북,8210.4,2019,7
전남,7722.0,2019,7
경북,8378.699999999999,2019,7
경남,9791.1,2019,7
제주,12767.7,2019,7
서울,26706.9,2019,8
인천,13005.3,2019,8
경기,14331.9,2019,8
부산,12972.3,2019,8
대구,14239.5,2019,8
광주,12279.3,2019,8
대전,11170.5,2019,8
울산,,2019,8
세종,11411.4,2019,8
강원,8223.6,2019,8
충북,7388.7,2019,8
충남,8715.3,2019,8
전북,8679.0,2019,8
전남,7735.2,2019,8
경북,8682.3,2019,8
경남,9824.1,2019,8
제주,12767.7,2019,8
서울,26680.5,2019,9
인천,13005.3,2019,9
경기,14655.3,2019,9
부산,13275.9,2019,9
대구,14381.4,2019,9
광주,12279.3,2019,9
대전,11358.6,2019,9
울산,8992.5,2019,9
세종,11411.4,2019,9
강원,8190.599999999999,2019,9
충북,7467.9,2019,9
충남,8523.9,2019,9
전북,8679.0,2019,9
전남,8187.299999999999,2019,9
경북,8771.4,2019,9
경남,9883.5,2019,9
제주,12767.7,2019,9
서울,26700.3,2019,10
인천,13025.1,2019,10
경기,14589.3,2019,10
부산,13332.0,2019,10
대구,14536.5,2019,10
광주,12444.3,2019,10
대전,11985.6,2019,10
울산,10362.0,2019,10
세종,11411.4,2019,10
강원,8118.0,2019,10
충북,7497.599999999999,2019,10
충남,8586.6,2019,10
전북,8434.8,2019,10
전남,8230.199999999999,2019,10
경북,9616.2,2019,10
경남,10589.7,2019,10
제주,12767.7,2019,10
서울,26604.6,2019,11
인천,12942.6,2019,11
경기,14694.9,2019,11
부산,13150.5,2019,11
대구,14460.6,2019,11
광주,12658.8,2019,11
대전,11985.6,2019,11
울산,10362.0,2019,11
세종,11411.4,2019,11
강원,8283.0,2019,11
충북,7599.9,2019,11
충남,8586.6,2019,11
전북,8144.4,2019,11
전남,8292.9,2019,11
경북,9616.2,2019,11
경남,10563.3,2019,11
제주,12810.6,2019,11
서울,26251.5,2019,12
인천,13206.6,2019,12
경기,14826.9,2019,12
부산,12817.2,2019,12
대구,14427.6,2019,12
광주,12652.2,2019,12
대전,11985.6,2019,12
울산,10371.9,2019,12
세종,11411.4,2019,12
강원,8283.0,2019,12
충북,7606.5,2019,12
충남,8712.0,2019,12
전북,8144.4,2019,12
전남,8091.599999999999,2019,12
경북,9616.2,2019,12
경남,10107.9,2019,12
제주,12810.6,2019,12
서울,26799.3,2020,1
인천,13216.5,2020,1
경기,14859.9,2020,1
부산,12817.2,2020,1
대구,14586.0,2020,1
광주,12681.9,2020,1
대전,11985.6,2020,1
울산,10371.9,2020,1
세종,11411.4,2020,1
강원,8207.1,2020,1
충북,7606.5,2020,1
충남,8712.0,2020,1
전북,8144.4,2020,1
전남,8200.5,2020,1
경북,10144.2,2020,1
경남,10107.9,2020,1
제주,13051.5,2020,1
서울,26307.6,2020,2
인천,13477.2,2020,2
경기,14856.6,2020,2
부산,12949.2,2020,2
대구,14586.0,2020,2
광주,12681.9,2020,2
대전,11985.6,2020,2
울산,10371.9,2020,2
세종,11411.4,2020,2
강원,8325.9,2020,2
충북,7903.5,2020,2
충남,8593.199999999999,2020,2
전북,8144.4,2020,2
전남,8269.8,2020,2
경북,8431.5,2020,2
경남,10107.9,2020,2
제주,13051.5,2020,2
서울,26495.7,2020,3
인천,14058.0,2020,3
경기,14770.8,2020,3
부산,13035.0,2020,3
대구,14843.4,2020,3
광주,12681.9,2020,3
대전,11226.6,2020,3
울산,10371.9,2020,3
세종,11411.4,2020,3
강원,8144.4,2020,3
충북,7920.0,2020,3
충남,8606.4,2020,3
전북,8144.4,2020,3
전남,8500.8,2020,3
경북,8431.5,2020,3
경남,9794.4,2020,3
제주,13051.5,2020,3
서울,26367.0,2020,4
인천,14067.9,2020,4
경기,15057.9,2020,4
부산,12896.4,2020,4
대구,15100.8,2020,4
광주,12685.2,2020,4
대전,11074.8,2020,4
울산,10371.9,2020,4
세종,,2020,4
강원,8708.699999999999,2020,4
충북,7920.0,2020,4
충남,8708.699999999999,2020,4
전북,8259.9,2020,4
전남,8550.3,2020,4
경북,8807.699999999999,2020,4
경남,10404.9,2020,4
제주,13480.5,2020,4
서울,27030.3,2020,5
인천,14338.5,2020,5
경기,13942.5,2020,5
부산,13272.6,2020,5
대구,15335.1,2020,5
광주,12648.9,2020,5
대전,11008.8,2020,5
울산,10969.2,2020,5
세종,,2020,5
강원,8784.6,2020,5
충북,7936.5,2020,5
충남,8735.1,2020,5
전북,8184.0,2020,5
전남,8576.699999999999,2020,5
경북,8807.699999999999,2020,5
경남,9969.3,2020,5
제주,14902.8,2020,5
서울,27558.3,2020,6
인천,14661.9,2020,6
경기,13586.1,2020,6
부산,13272.6,2020,6
대구,15173.4,2020,6
광주,12599.4,2020,6
대전,11246.4,2020,6
울산,12371.7,2020,6
세종,,2020,6
강원,9084.9,2020,6
충북,7949.7,2020,6
충남,8847.3,2020,6
전북,8259.9,2020,6
전남,8566.8,2020,6
경북,8807.699999999999,2020,6
경남,10329.0,2020,6
제주,14922.6,2020,6
서울,26763.0,2020,7
인천,14635.5,2020,7
경기,14322.0,2020,7
부산,13467.3,2020,7
대구,15312.0,2020,7
광주,12688.5,2020,7
대전,11051.7,2020,7
울산,12790.8,2020,7
세종,,2020,7
강원,9457.8,2020,7
충북,7949.7,2020,7
충남,8936.4,2020,7
전북,8190.599999999999,2020,7
전남,8553.6,2020,7
경북,9744.9,2020,7
경남,10276.2,2020,7
제주,15338.4,2020,7
서울,26723.4,2020,8
인천,15318.6,2020,8
경기,13972.2,2020,8
부산,13266.0,2020,8
대구,15292.2,2020,8
광주,12190.2,2020,8
대전,10982.4,2020,8
울산,13645.5,2020,8
세종,,2020,8
강원,9867.0,2020,8
충북,7929.9,2020,8
충남,8946.3,2020,8
전북,8190.599999999999,2020,8
전남,8873.699999999999,2020,8
경북,10216.8,2020,8
경남,10276.2,2020,8
제주,15338.4,2020,8
서울,26776.2,2020,9
인천,15318.6,2020,9
경기,14097.6,2020,9
부산,13266.0,2020,9
대구,15325.2,2020,9
광주,12282.6,2020,9
대전,10827.3,2020,9
울산,13734.6,2020,9
세종,,2020,9
강원,10322.4,2020,9
충북,7900.2,2020,9
충남,9015.6,2020,9
전북,8309.4,2020,9
전남,8853.9,2020,9
경북,10216.8,2020,9
경남,10276.2,2020,9
제주,15338.4,2020,9
서울,26660.7,2020,10
인천,15576.0,2020,10
경기,14341.8,2020,10
부산,13114.2,2020,10
대구,15404.4,2020,10
광주,12282.6,2020,10
대전,10579.8,2020,10
울산,13803.9,2020,10
세종,11299.2,2020,10
강원,10322.4,2020,10
충북,7893.599999999999,2020,10
충남,8880.3,2020,10
전북,8487.6,2020,10
전남,8969.4,2020,10
경북,10114.5,2020,10
경남,10253.1,2020,10
제주,15338.4,2020,10
서울,27172.2,2020,11
인천,15737.7,2020,11
경기,14318.7,2020,11
부산,13569.6,2020,11
대구,15457.2,2020,11
광주,12358.5,2020,11
대전,10579.8,2020,11
울산,13803.9,2020,11
세종,11299.2,2020,11
강원,10395.0,2020,11
충북,8078.4,2020,11
충남,9180.6,2020,11
전북,8679.0,2020,11
전남,9104.7,2020,11
경북,10470.9,2020,11
경남,10272.9,2020,11
제주,15338.4,2020,11
서울,28267.8,2020,12
인천,15681.6,2020,12
경기,14473.8,2020,12
부산,14044.8,2020,12
대구,15325.2,2020,12
광주,12219.9,2020,12
대전,10579.8,2020,12
울산,13827.0,2020,12
세종,11299.2,2020,12
강원,10355.4,2020,12
충북,8527.199999999999,2020,12
충남,9111.3,2020,12
전북,8811.0,2020,12
전남,9342.3,2020,12
경북,10345.5,2020,12
경남,9860.4,2020,12
제주,15338.4,2020,12
서울,28267.8,2021,1
인천,15602.4,2021,1
경기,14414.4,2021,1
부산,14038.2,2021,1
대구,15354.9,2021,1
광주,12906.3,2021,1
대전,10579.8,2021,1
울산,13787.4,2021,1
세종,12533.4,2021,1
강원,10355.4,2021,1
충북,8527.199999999999,2021,1
충남,9111.3,2021,1
전북,8708.699999999999,2021,1
전남,9329.1,2021,1
경북,10345.5,2021,1
경남,9860.4,2021,1
제주,17156.7,2021,1
서울,28182.0,2021,2
인천,15651.9,2021,2
경기,14460.6,2021,2
부산,14163.6,2021,2
대구,15328.5,2021,2
광주,13902.9,2021,2
대전,11358.6,2021,2
울산,13787.4,2021,2
세종,12533.4,2021,2
강원,10401.6,2021,2
충북,8606.4,2021,2
충남,9141.0,2021,2
전북,8718.6,2021,2
전남,9827.4,2021,2
경북,10107.9,2021,2
경남,10309.2,2021,2
제주,17156.7,2021,2
서울,28290.9,2021,3
인천,15717.9,2021,3
경기,14440.8,2021,3
부산,14163.6,2021,3
대구,15470.4,2021,3
광주,13919.4,2021,3
대전,11358.6,2021,3
울산,13965.6,2021,3
세종,12533.4,2021,3
강원,9576.6,2021,3
충북,8619.6,2021,3
충남,9124.5,2021,3
전북,8718.6,2021,3
전남,9909.9,2021,3
경북,10107.9,2021,3
경남,10404.9,2021,3
제주,23756.7,2021,3
서울,28135.8,2021,4
인천,15549.6,2021,4
경기,14364.9,2021,4
부산,14427.6,2021,4
대구,15536.4,2021,4
광주,13919.4,2021,4
대전,11484.0,2021,4
울산,14312.1,2021,4
세종,12533.4,2021,4
강원,9504.0,2021,4
충북,8586.6,2021,4
충남,9170.7,2021,4
전북,8761.5,2021,4
전남,9669.0,2021,4
경북,10190.4,2021,4
경남,10296.0,2021,4
제주,23756.7,2021,4
서울,28597.8,2021,5
인천,15189.9,2021,5
경기,13982.1,2021,5
부산,14579.4,2021,5
대구,15519.9,2021,5
광주,13978.8,2021,5
대전,12213.3,2021,5
울산,14586.0,2021,5
세종,12533.4,2021,5
강원,9454.5,2021,5
충북,8586.6,2021,5
충남,9177.3,2021,5
전북,8853.9,2021,5
전남,9659.1,2021,5
경북,9989.1,2021,5
경남,10197.0,2021,5
제주,24783.0,2021,5
서울,29142.3,2021,6
인천,14883.0,2021,6
경기,13797.3,2021,6
부산,14539.8,2021,6
대구,15496.8,2021,6
광주,14173.5,2021,6
대전,12196.8,2021,6
울산,14701.5,2021,6
세종,12533.4,2021,6
강원,9639.3,2021,6
충북,8669.1,2021,6
충남,9266.4,2021,6
전북,8814.3,2021,6
전남,10074.9,2021,6
경북,10061.7,2021,6
경남,10230.0,2021,6
제주,24783.0,2021,6
서울,30396.3,2021,7
인천,14859.9,2021,7
경기,13688.4,2021,7
부산,14493.6,2021,7
대구,15467.1,2021,7
광주,14163.6,2021,7
대전,12196.8,2021,7
울산,14747.7,2021,7
세종,12553.2,2021,7
강원,9253.2,2021,7
충북,8685.6,2021,7
충남,9345.6,2021,7
전북,8893.5,2021,7
전남,10249.8,2021,7
경북,10602.9,2021,7
경남,10665.6,2021,7
제주,27574.8,2021,7
서울,31346.7,2021,8
인천,14239.5,2021,8
경기,13747.8,2021,8
부산,14381.4,2021,8
대구,15536.4,2021,8
광주,14160.3,2021,8
대전,12196.8,2021,8
울산,14364.9,2021,8
세종,12553.2,2021,8
강원,9253.2,2021,8
충북,8698.8,2021,8
충남,9500.7,2021,8
전북,8877.0,2021,8
전남,10490.7,2021,8
경북,10602.9,2021,8
경남,10642.5,2021,8
제주,27574.8,2021,8
서울,31353.3,2021,9
인천,14239.5,2021,9
경기,13949.1,2021,9
부산,14381.4,2021,9
대구,15675.0,2021,9
광주,14315.4,2021,9
대전,12266.1,2021,9
울산,14199.9,2021,9
세종,12553.2,2021,9
강원,9428.1,2021,9
충북,8731.8,2021,9
충남,9543.6,2021,9
전북,8715.3,2021,9
전남,10487.4,2021,9
경북,10345.5,2021,9
경남,10873.5,2021,9
제주,27574.8,2021,9
서울,31884.6,2021,10
인천,14242.8,2021,10
경기,13866.6,2021,10
부산,14586.0,2021,10
대구,15582.6,2021,10
광주,14094.3,2021,10
대전,12351.9,2021,10
울산,14199.9,2021,10
세종,12767.7,2021,10
강원,9804.3,2021,10
충북,8731.8,2021,10
충남,9629.4,2021,10
전북,8860.5,2021,10
전남,9886.8,2021,10
경북,10332.3,2021,10
경남,10969.2,2021,10
제주,22638.0,2021,10
서울,32841.6,2021,11
인천,14704.8,2021,11
경기,14774.1,2021,11
부산,15226.2,2021,11
대구,15721.2,2021,11
광주,14180.1,2021,11
대전,12351.9,2021,11
울산,14199.9,2021,11
세종,12767.7,2021,11
강원,9929.7,2021,11
충북,8725.199999999999,2021,11
충남,9471.0,2021,11
전북,8976.0,2021,11
전남,9764.7,2021,11
경북,10434.6,2021,11
경남,10692.0,2021,11
제주,22638.0,2021,11
서울,32943.9,2021,12
인천,15018.3,2021,12
경기,14711.4,2021,12
부산,16767.3,2021,12
대구,16008.3,2021,12
광주,14536.5,2021,12
대전,12414.6,2021,12
울산,14447.4,2021,12
세종,12338.7,2021,12
강원,10002.3,2021,12
충북,9005.699999999999,2021,12
충남,9665.7,2021,12
전북,9164.1,2021,12
전남,9543.6,2021,12
경북,10880.1,2021,12
경남,10919.7,2021,12
제주,21694.2,2021,12
서울,31620.6,2022,1
인천,15265.8,2022,1
경기,15071.1,2022,1
부산,16945.5,2022,1
대구,15981.9,2022,1
광주,14576.1,2022,1
대전,13157.1,2022,1
울산,14671.8,2022,1
세종,11926.2,2022,1
강원,10002.3,2022,1
충북,9075.0,2022,1
충남,9834.0,2022,1
전북,9378.6,2022,1
전남,9890.1,2022,1
경북,10880.1,2022,1
경남,10936.2,2022,1
제주,21694.2,2022,1
서울,32396.1,2022,2
인천,15219.6,2022,2
경기,15724.5,2022,2
부산,17120.399999999998,2022,2
대구,16397.7,2022,2
광주,14572.8,2022,2
대전,13226.4,2022,2
울산,14671.8,2022,2
세종,11926.2,2022,2
강원,10131.0,2022,2
충북,9042.0,2022,2
충남,9837.3,2022,2
전북,9454.5,2022,2
전남,10124.4,2022,2
경북,11282.7,2022,2
경남,11048.4,2022,2
제주,21093.6,2022,2
서울,31835.1,2022,3
인천,15262.5,2022,3
경기,15793.8,2022,3
부산,16899.3,2022,3
대구,16424.1,2022,3
광주,14995.2,2022,3
대전,13226.4,2022,3
울산,15889.5,2022,3
세종,11926.2,2022,3
강원,10355.4,2022,3
충북,9028.8,2022,3
충남,10015.5,2022,3
전북,9434.7,2022,3
전남,10114.5,2022,3
경북,11282.7,2022,3
경남,11187.0,2022,3
제주,19239.0,2022,3
서울,32244.3,2022,4
인천,15671.7,2022,4
경기,15879.6,2022,4
부산,16899.3,2022,4
대구,16150.2,2022,4
광주,14995.2,2022,4
대전,13681.8,2022,4
울산,18225.9,2022,4
세종,11926.2,2022,4
강원,10503.9,2022,4
충북,9372.0,2022,4
충남,10041.9,2022,4
전북,9510.6,2022,4
전남,10233.3,2022,4
경북,11319.0,2022,4
경남,12021.9,2022,4
제주,19239.0,2022,4
서울,28215.0,2022,5
인천,15807.0,2022,5
경기,16031.4,2022,5
부산,17526.3,2022,5
대구,16047.9,2022,5
광주,14991.9,2022,5
대전,13714.8,2022,5
울산,18018.0,2022,5
세종,11926.2,2022,5
강원,10560.0,2022,5
충북,9682.2,2022,5
충남,10094.7,2022,5
전북,9537.0,2022,5
전남,10269.6,2022,5
경북,11738.1,2022,5
경남,12061.5,2022,5
제주,19239.0,2022,5
서울,28215.0,2022,6
인천,15899.4,2022,6
경기,16262.4,2022,6
부산,17938.8,2022,6
대구,16427.399999999998,2022,6
광주,15364.8,2022,6
대전,13761.0,2022,6
울산,17981.7,2022,6
세종,11926.2,2022,6
강원,10682.1,2022,6
충북,9876.9,2022,6
충남,10114.5,2022,6
전북,9989.1,2022,6
전남,10269.6,2022,6
경북,11639.1,2022,6
경남,11929.5,2022,6
제주,19239.0,2022,6
서울,28215.0,2022,7
인천,16331.7,2022,7
경기,16354.8,2022,7
부산,17991.6,2022,7
대구,16797.0,2022,7
광주,15397.8,2022,7
대전,13761.0,2022,7
울산,17981.7,2022,7
세종,10586.4,2022,7
강원,10725.0,2022,7
충북,9906.6,2022,7
충남,10213.5,2022,7
전북,9995.7,2022,7
전남,10256.4,2022,7
경북,11345.4,2022,7
경남,11969.1,2022,7
제주,19239.0,2022,7
서울,27300.9,2022,8
인천,17044.5,2022,8
경기,16579.2,2022,8
부산,17938.8,2022,8
대구,16780.5,2022,8
광주,15628.8,2022,8
대전,13761.0,2022,8
울산,17932.2,2022,8
세종,10586.4,2022,8
강원,10824.0,2022,8
충북,9903.3,2022,8
충남,10395.0,2022,8
전북,10104.6,2022,8
전남,10197.0,2022,8
경북,11447.7,2022,8
경남,11926.2,2022,8
제주,21542.4,2022,8
서울,28059.9,2022,9
인천,17123.7,2022,9
경기,17008.2,2022,9
부산,18011.399999999998,2022,9
대구,16764.0,2022,9
광주,15358.2,2022,9
대전,14289.0,2022,9
울산,17932.2,2022,9
세종,10586.4,2022,9
강원,10880.1,2022,9
충북,9985.8,2022,9
충남,10395.0,2022,9
전북,10190.4,2022,9
전남,10639.2,2022,9
경북,11949.3,2022,9
경남,11988.9,2022,9
제주,21542.4,2022,9
서울,28059.9,2022,10
인천,16602.3,2022,10
경기,17282.1,2022,10
부산,18470.1,2022,10
대구,16859.7,2022,10
광주,15589.2,2022,10
대전,15107.4,2022,10
울산,18123.6,2022,10
세종,10586.4,2022,10
강원,11398.2,2022,10
충북,9969.3,2022,10
충남,10919.7,2022,10
전북,10243.2,2022,10
전남,10659.0,2022,10
경북,12012.0,2022,10
경남,11889.9,2022,10
제주,22159.5,2022,10
서울,29835.3,2022,11
인천,16641.899999999998,2022,11
경기,16585.8,2022,11
부산,19823.1,2022,11
대구,16566.0,2022,11
광주,15684.9,2022,11
대전,15137.1,2022,11
울산,18932.1,2022,11
세종,10586.4,2022,11
강원,12398.1,2022,11
충북,9969.3,2022,11
충남,11051.7,2022,11
전북,10411.5,2022,11
전남,10718.4,2022,11
경북,12081.3,2022,11
경남,11863.5,2022,11
제주,22159.5,2022,11
서울,29779.2,2022,12
인천,16655.1,2022,12
경기,17169.899999999998,2022,12
부산,19456.8,2022,12
대구,16899.3,2022,12
광주,14625.6,2022,12
대전,15298.8,2022,12
울산,18321.6,2022,12
세종,12279.3,2022,12
강원,12688.5,2022,12
충북,10520.4,2022,12
충남,11035.2,2022,12
전북,10381.8,2022,12
전남,10596.3,2022,12
경북,12289.2,2022,12
경남,11860.2,2022,12
제주,22951.5,2022,12
서울,30630.6,2023,1
인천,16625.399999999998,2023,1
경기,17239.2,2023,1
부산,19456.8,2023,1
대구,16958.7,2023,1
광주,17268.899999999998,2023,1
대전,15440.7,2023,1
울산,18321.6,2023,1
세종,12279.3,2023,1
강원,12688.5,2023,1
충북,10520.4,2023,1
충남,11338.8,2023,1
전북,10381.8,2023,1
전남,10616.1,2023,1
경북,12516.9,2023,1
경남,11929.5,2023,1
제주,22951.5,2023,1
서울,30445.8,2023,2
인천,16288.8,2023,2
경기,17252.399999999998,2023,2
부산,19116.9,2023,2
대구,17087.399999999998,2023,2
광주,15275.7,2023,2
대전,15556.2,2023,2
울산,18321.6,2023,2
세종,12279.3,2023,2
강원,12688.5,2023,2
충북,10589.7,2023,2
충남,11738.1,2023,2
전북,10381.8,2023,2
전남,10946.1,2023,2
경북,12513.6,2023,2
경남,11823.9,2023,2
제주,22948.2,2023,2
서울,30624.0,2023,3
인천,16391.1,2023,3
경기,18202.8,2023,3
부산,19199.4,2023,3
대구,17087.399999999998,2023,3
광주,16651.8,2023,3
대전,15556.2,2023,3
울산,18423.9,2023,3
세종,12279.3,2023,3
강원,12939.3,2023,3
충북,10635.9,2023,3
충남,11738.1,2023,3
전북,10645.8,2023,3
전남,10942.8,2023,3
경북,12513.6,2023,3
경남,11962.5,2023,3
제주,23740.2,2023,3
서울,30643.8,2023,4
인천,16397.7,2023,4
경기,19133.4,2023,4
부산,19371.0,2023,4
대구,17087.399999999998,2023,4
광주,16651.8,2023,4
대전,16153.5,2023,4
울산,18423.9,2023,4
세종,12279.3,2023,4
강원,12969.0,2023,4
충북,10794.3,2023,4
충남,11748.0,2023,4
전북,10942.8,2023,4
전남,10939.5,2023,4
경북,12513.6,2023,4
경남,11936.1,2023,4
제주,23740.2,2023,4
서울,31066.2,2023,5
인천,16470.3,2023,5
경기,19163.1,2023,5
부산,20093.7,2023,5
대구,18047.7,2023,5
광주,18176.4,2023,5
대전,16153.5,2023,5
울산,17869.5,2023,5
세종,12279.3,2023,5
강원,12969.0,2023,5
충북,10546.8,2023,5
충남,11757.9,2023,5
전북,10942.8,2023,5
전남,11226.6,2023,5
경북,12305.7,2023,5
경남,11536.8,2023,5
제주,23740.2,2023,5
서울,31927.5,2023,6
인천,16460.399999999998,2023,6
경기,19364.4,2023,6
부산,20621.7,2023,6
대구,16968.6,2023,6
광주,18176.4,2023,6
대전,16278.9,2023,6
울산,17991.6,2023,6
세종,12279.3,2023,6
강원,12401.4,2023,6
충북,10609.5,2023,6
충남,11771.1,2023,6
전북,11124.3,2023,6
전남,11226.6,2023,6
경북,12639.0,2023,6
경남,11655.6,2023,6
제주,24175.8,2023,6
서울,31927.5,2023,7
인천,16064.4,2023,7
경기,19542.6,2023,7
부산,20687.7,2023,7
대구,16358.1,2023,7
광주,18146.7,2023,7
대전,16731.0,2023,7
울산,17991.6,2023,7
세종,12279.3,2023,7
강원,13365.0,2023,7
충북,10612.8,2023,7
충남,11784.3,2023,7
전북,11196.9,2023,7
전남,11394.9,2023,7
경북,12843.6,2023,7
경남,11279.4,2023,7
제주,24175.8,2023,7
서울,31795.5,2023,8
인천,16097.4,2023,8
경기,19572.3,2023,8
부산,21921.9,2023,8
대구,16688.1,2023,8
광주,18252.3,2023,8
대전,16731.0,2023,8
울산,18067.5,2023,8
세종,12279.3,2023,8
강원,13374.9,2023,8
충북,10725.0,2023,8
충남,11843.7,2023,8
전북,11596.2,2023,8
전남,12074.7,2023,8
경북,13318.8,2023,8
경남,11163.9,2023,8
제주,25551.9,2023,8
서울,32000.1,2023,9
인천,16100.7,2023,9
경기,19509.6,2023,9
부산,21921.9,2023,9
대구,16688.1,2023,9
광주,18011.399999999998,2023,9
대전,16731.0,2023,9
울산,17928.899999999998,2023,9
세종,12279.3,2023,9
강원,13724.7,2023,9
충북,10926.3,2023,9
충남,11853.6,2023,9
전북,11583.0,2023,9
전남,12031.8,2023,9
경북,13335.3,2023,9
경남,11622.6,2023,9
제주,25551.9,2023,9
서울,32155.2,2023,10
인천,16872.899999999998,2023,10
경기,19532.7,2023,10
부산,22182.6,2023,10
대구,17575.8,2023,10
광주,18011.399999999998,2023,10
대전,16361.4,2023,10
울산,17777.1,2023,10
세종,12279.3,2023,10
강원,14298.9,2023,10
충북,11203.5,2023,10
충남,11922.9,2023,10
전북,11559.9,2023,10
전남,12031.8,2023,10
경북,13335.3,2023,10
경남,12929.4,2023,10
제주,25743.3,2023,10
서울,34145.1,2023,11
인천,16816.8,2023,11
경기,21304.8,2023,11
부산,20691.0,2023,11
대구,17575.8,2023,11
광주,17998.2,2023,11
대전,16335.0,2023,11
울산,16698.0,2023,11
세종,12279.3,2023,11
강원,14487.0,2023,11
충북,11299.2,2023,11
충남,12767.7,2023,11
전북,11612.7,2023,11
전남,13401.3,2023,11
경북,13668.6,2023,11
경남,13919.4,2023,11
제주,25743.3,2023,11
서울,34947.0,2023,12
인천,16493.399999999998,2023,12
경기,21591.9,2023,12
부산,20691.0,2023,12
대구,,2023,12
광주,18107.1,2023,12
대전,16160.1,2023,12
울산,16024.8,2023,12
세종,,2023,12
강원,14642.1,2023,12
충북,11540.1,2023,12
충남,12823.8,2023,12
전북,11612.7,2023,12
전남,13401.3,2023,12
경북,13190.1,2023,12
경남,13431.0,2023,12
제주,25743.3,2023,12
서울,37072.2,2024,1
인천,16453.8,2024,1
경기,21519.3,2024,1
부산,20691.0,2024,1
대구,,2024,1
광주,18532.8,2024,1
대전,16160.1,2024,1
울산,16024.8,2024,1
세종,,2024,1
강원,14642.1,2024,1
충북,11540.1,2024,1
충남,11932.8,2024,1
전북,11612.7,2024,1
전남,12417.9,2024,1
경북,13770.9,2024,1
경남,13431.0,2024,1
제주,25743.3,2024,1
서울,37808.1,2024,2
인천,18090.6,2024,2
경기,20892.3,2024,2
부산,20575.5,2024,2
대구,,2024,2
광주,19054.2,2024,2
대전,17216.1,2024,2
울산,16724.399999999998,2024,2
세종,,2024,2
강원,14642.1,2024,2
충북,11711.7,2024,2
충남,12064.8,2024,2
전북,12318.9,2024,2
전남,12147.3,2024,2
경북,13784.1,2024,2
경남,13840.2,2024,2
제주,24773.1,2024,2
서울,37943.4,2024,3
인천,18117.0,2024,3
경기,20895.6,2024,3
부산,20575.5,2024,3
대구,30600.9,2024,3
광주,18885.9,2024,3
대전,17351.399999999998,2024,3
울산,16711.2,2024,3
세종,,2024,3
강원,14642.1,2024,3
충북,12592.8,2024,3
충남,12064.8,2024,3
전북,12487.2,2024,3
전남,12147.3,2024,3
경북,13784.1,2024,3
경남,13840.2,2024,3
제주,24773.1,2024,3
서울,38841.0,2024,4
인천,18189.6,2024,4
경기,21083.7,2024,4
부산,20116.8,2024,4
대구,30600.9,2024,4
광주,18885.9,2024,4
대전,18767.1,2024,4
울산,16942.2,2024,4
세종,,2024,4
강원,14777.4,2024,4
충북,12962.4,2024,4
충남,12117.6,2024,4
전북,12226.5,2024,4
전남,12147.3,2024,4
경북,13784.1,2024,4
경남,13840.2,2024,4
제주,24773.1,2024,4
서울,38629.8,2024,5
인천,18239.1,2024,5
경기,20908.8,2024,5
부산,20859.3,2024,5
대구,23964.6,2024,5
광주,18054.3,2024,5
대전,18767.1,2024,5
울산,18222.6,2024,5
세종,,2024,5
강원,14774.1,2024,5
충북,12962.4,2024,5
충남,11893.2,2024,5
전북,12134.1,2024,5
전남,12147.3,2024,5
경북,13784.1,2024,5
경남,14176.8,2024,5
제주,24773.1,2024,5
서울,41830.8,2024,6
인천,17744.1,2024,6
경기,21473.1,2024,6
부산,21331.2,2024,6
대구,23964.6,2024,6
광주,18054.3,2024,6
대전,17899.2,2024,6
울산,18126.9,2024,6
세종,,2024,6
강원,15077.7,2024,6
충북,13011.9,2024,6
충남,11893.2,2024,6
전북,12028.5,2024,6
전남,13101.0,2024,6
경북,13784.1,2024,6
경남,14543.1,2024,6
제주,24142.8,2024,6
서울,43939.5,2024,7
인천,17754.0,2024,7
경기,21377.4,2024,7
부산,22555.5,2024,7
대구,23964.6,2024,7
광주,18222.6,2024,7
대전,17592.3,2024,7
울산,18136.8,2024,7
세종,,2024,7
강원,15120.6,2024,7
충북,13011.9,2024,7
충남,11893.2,2024,7
전북,12028.5,2024,7
전남,13101.0,2024,7
경북,13827.0,2024,7
경남,13308.9,2024,7
제주,24142.8,2024,7
서울,43041.9,2024,8
인천,17948.7,2024,8
경기,21248.7,2024,8
부산,22304.7,2024,8
대구,23964.6,2024,8
광주,18328.2,2024,8
대전,17592.3,2024,8
울산,17889.3,2024,8
세종,,2024,8
강원,15120.6,2024,8
충북,13011.9,2024,8
충남,11899.8,2024,8
전북,12058.2,2024,8
전남,13120.8,2024,8
경북,13827.0,2024,8
경남,13252.8,2024,8
제주,25419.9,2024,8
서울,44163.9,2024,9
인천,17862.899999999998,2024,9
경기,21615.0,2024,9
부산,21450.0,2024,9
대구,22106.7,2024,9
광주,18635.1,2024,9
대전,17592.3,2024,9
울산,17991.6,2024,9
세종,,2024,9
강원,14968.8,2024,9
충북,14813.7,2024,9
충남,11899.8,2024,9
전북,12058.2,2024,9
전남,12500.4,2024,9
경북,14183.4,2024,9
경남,13252.8,2024,9
제주,25419.9,2024,9
서울,46869.9,2024,10
인천,18598.8,2024,10
경기,21733.8,2024,10
부산,21865.8,2024,10
대구,22106.7,2024,10
광주,18635.1,2024,10
대전,17608.8,2024,10
울산,17470.2,2024,10
세종,,2024,10
강원,14701.5,2024,10
충북,14813.7,2024,10
충남,12150.6,2024,10
전북,12012.0,2024,10
전남,12500.4,2024,10
경북,14183.4,2024,10
경남,13374.9,2024,10
제주,25419.9,2024,10
서울,47124.0,2024,11
인천,18608.7,2024,11
경기,21298.2,2024,11
부산,22595.1,2024,11
대구,22106.7,2024,11
광주,18635.1,2024,11
대전,17645.1,2024,11
울산,17470.2,2024,11
세종,,2024,11
강원,14628.9,2024,11
충북,14836.8,2024,11
충남,11754.6,2024,11
전북,12160.5,2024,11
전남,12500.4,2024,11
경북,14556.3,2024,11
경남,13374.9,2024,11
제주,25419.9,2024,11
서울,44012.1,2024,12
인천,18668.1,2024,12
경기,21575.4,2024,12
부산,22113.3,2024,12
대구,22126.5,2024,12
광주,18697.8,2024,12
대전,17664.899999999998,2024,12
울산,17539.5,2024,12
세종,17902.5,2024,12
강원,14533.2,2024,12
충북,14873.1,2024,12
충남,12180.3,2024,12
전북,12160.5,2024,12
전남,12361.8,2024,12
경북,15133.8,2024,12
경남,13724.7,2024,12
제주,25419.9,2024,12
서울,44055.0,2025,1
인천,18668.1,2025,1
경기,21572.1,2025,1
부산,22113.3,2025,1
대구,22126.5,2025,1
광주,18697.8,2025,1
대전,17664.899999999998,2025,1
울산,17740.8,2025,1
세종,17902.5,2025,1
강원,14533.2,2025,1
충북,14873.1,2025,1
충남,13170.3,2025,1
전북,12173.7,2025,1
전남,13506.9,2025,1
경북,14648.7,2025,1
경남,13724.7,2025,1
제주,25419.9,2025,1
서울,44206.8,2025,2
인천,18625.2,2025,2
경기,21628.2,2025,2
부산,22077.0,2025,2
대구,22152.9,2025,2
광주,19809.9,2025,2
대전,17707.8,2025,2
울산,17602.2,2025,2
세종,17902.5,2025,2
강원,14533.2,2025,2
충북,14569.5,2025,2
충남,13338.6,2025,2
전북,12101.1,2025,2
전남,13506.9,2025,2
경북,13998.6,2025,2
경남,13434.3,2025,2
제주,26083.2,2025,2
서울,44206.8,2025,3
인천,18621.9,2025,3
경기,22143.0,2025,3
부산,22093.5,2025,3
대구,19338.0,2025,3
광주,17133.6,2025,3
대전,17701.2,2025,3
울산,17602.2,2025,3
세종,17902.5,2025,3
강원,14698.2,2025,3
충북,14572.8,2025,3
충남,13338.6,2025,3
전북,12101.1,2025,3
전남,13506.9,2025,3
경북,14889.6,2025,3
경남,14962.2,2025,3
제주,26083.2,2025,3
서울,45417.9,2025,4
인천,18819.9,2025,4
경기,22407.0,2025,4
부산,21908.7,2025,4
대구,19338.0,2025,4
광주,17133.6,2025,4
대전,17582.399999999998,2025,4
울산,17582.399999999998,2025,4
세종,17902.5,2025,4
강원,14569.5,2025,4
충북,14628.9,2025,4
충남,13437.6,2025,4
전북,12556.5,2025,4
전남,13506.9,2025,4
경북,15034.8,2025,4
경남,14962.2,2025,4
제주,26083.2,2025,4
서울,45602.7,2025,5
인천,18819.9,2025,5
경기,21796.5,2025,5
부산,21888.9,2025,5
대구,20275.2,2025,5
광주,17935.5,2025,5
대전,17582.399999999998,2025,5
울산,17226.0,2025,5
세종,17902.5,2025,5
강원,14153.7,2025,5
충북,14628.9,2025,5
충남,14308.8,2025,5
전북,12738.0,2025,5
전남,13312.2,2025,5
경북,15034.8,2025,5
경남,13332.0,2025,5
제주,26083.2,2025,5
서울,45998.7,2025,6
인천,19387.5,2025,6
경기,21918.6,2025,6
부산,21182.7,2025,6
대구,26297.7,2025,6
광주,17417.399999999998,2025,6
대전,19192.8,2025,6
울산,17315.1,2025,6
세종,17902.5,2025,6
강원,14480.4,2025,6
충북,14955.6,2025,6
충남,14107.5,2025,6
전북,12738.0,2025,6
전남,12629.1,2025,6
경북,15034.8,2025,6
경남,14048.1,2025,6
제주,26083.2,2025,6
서울,45358.5,2025,7
인천,19476.6,2025,7
경기,22228.8,2025,7
부산,25089.9,2025,7
대구,26297.7,2025,7
광주,17717.7,2025,7
대전,19258.8,2025,7
울산,17470.2,2025,7
세종,17902.5,2025,7
강원,14378.1,2025,7
충북,15180.0,2025,7
충남,14001.9,2025,7
전북,12648.9,2025,7
전남,12629.1,2025,7
경북,14850.0,2025,7
경남,14440.8,2025,7
제주,26083.2,2025,7
서울,46761.0,2025,8
인천,18159.9,2025,8
경기,22377.3,2025,8
부산,25089.9,2025,8
대구,26297.7,2025,8
광주,17968.5,2025,8
대전,19258.8,2025,8
울산,17866.2,2025,8
세종,17902.5,2025,8
강원,14589.3,2025,8
충북,14919.3,2025,8
충남,14018.4,2025,8
전북,12648.9,2025,8
전남,12629.1,2025,8
경북,14850.0,2025,8
경남,14708.1,2025,8
제주,,2025,8
서울,45470.7,2025,9
인천,18301.8,2025,9
경기,22522.5,2025,9
부산,25103.1,2025,9
대구,30251.1,2025,9
광주,17968.5,2025,9
대전,19258.8,2025,9
울산,17760.6,2025,9
세종,17902.5,2025,9
강원,14668.5,2025,9
충북,14856.6,2025,9
충남,13995.3,2025,9
전북,12648.9,2025,9
전남,12648.9,2025,9
경북,13774.2,2025,9
경남,14708.1,2025,9
제주,,2025,9
서울,46945.8,2025,10
인천,18348.0,2025,10
경기,25218.6,2025,10
부산,25271.4,2025,10
대구,30251.1,2025,10
광주,17968.5,2025,10
대전,20077.2,2025,10
울산,18833.1,2025,10
세종,17902.5,2025,10
강원,15189.9,2025,10
충북,14899.5,2025,10
충남,14107.5,2025,10
전북,13490.4,2025,10
전남,12540.0,2025,10
경북,13675.2,2025,10
경남,14813.7,2025,10
제주,,2025,10
서울,50348.1,2025,11
인천,18562.5,2025,11
경기,23779.8,2025,11
부산,25271.4,2025,11
대구,30251.1,2025,11
광주,17968.5,2025,11
대전,19136.7,2025,11
울산,18664.8,2025,11
세종,17928.899999999998,2025,11
강원,15189.9,2025,11
충북,14958.9,2025,11
충남,14031.6,2025,11
전북,12945.9,2025,11
전남,12540.0,2025,11
경북,13675.2,2025,11
경남,14889.6,2025,11
제주,,2025,11
서울,52602.0,2025,12
인천,19839.6,2025,12
경기,24004.2,2025,12
부산,26159.1,2025,12
대구,30244.5,2025,12
광주,17968.5,2025,12
대전,16800.3,2025,12
울산,19512.9,2025,12
세종,17968.5,2025,12
강원,15189.9,2025,12
충북,14958.9,2025,12
충남,14424.3,2025,12
전북,12731.4,2025,12
전남,12091.2,2025,12
경북,13681.8,2025,12
경남,14883.0,2025,12
제주,,2025,12
서울,52644.9,2026,1
인천,19836.3,2026,1
경기,24106.5,2026,1
부산,26050.2,2026,1
대구,30244.5,2026,1
광주,18971.7,2026,1
대전,17292.0,2026,1
울산,19575.6,2026,1
세종,17968.5,2026,1
강원,15189.9,2026,1
충북,14958.9,2026,1
충남,14424.3,2026,1
전북,12744.6,2026,1
전남,12210.0,2026,1
경북,13952.4,2026,1
경남,14883.0,2026,1
제주,14760.9,2026,1
서울,20034.3,2026,2
인천,52545.9,2026,2
경기,19836.3,2026,2
부산,32171.7,2026,2
대구,26555.1,2026,2
광주,30158.7,2026,2
대전,19311.6,2026,2
울산,17292.0,2026,2
세종,19625.1,2026,2
강원,21819.6,2026,2
충북,15189.9,2026,2
충남,14958.9,2026,2
전북,14424.3,2026,2
전남,12744.6,2026,2
경북,12210.0,2026,2
경남,14005.2,2026,2
제주,14883.0,2026,2
서울,54799.8,2026,3
인천,19866.0,2026,3
경기,24390.3,2026,3
부산,26584.8,2026,3
대구,29861.7,2026,3
광주,19311.6,2026,3
대전,17206.2,2026,3
울산,19625.1,2026,3
세종,17968.5,2026,3
강원,14648.7,2026,3
충북,14727.9,2026,3
충남,14470.5,2026,3
전북,12744.6,2026,3
전남,13071.3,2026,3
경북,13536.6,2026,3
경남,15411.0,2026,3
제주,14760.9,2026,3
서울,58281.3,2026,4
인천,21090.3,2026,4
경기,24753.3,2026,4
부산,26822.4,2026,4
대구,29861.7,2026,4
광주,19311.6,2026,4
대전,18734.1,2026,4
울산,19390.8,2026,4
세종,17968.5,2026,4
강원,14836.8,2026,4
충북,14972.1,2026,4
충남,14176.8,2026,4
전북,12714.9,2026,4
전남,12576.3,2026,4
경북,13549.8,2026,4
경남,15450.6,2026,4
제주,14760.9,2026,4
서울,63439.2,2026,5
인천,21090.3,2026,5
경기,25172.4,2026,5
부산,26248.2,2026,5
대구,37745.4,2026,5
광주,20456.7,2026,5
대전,18734.1,2026,5
울산,19390.8,2026,5
세종,17968.5,2026,5
강원,14883.0,2026,5
충북,14978.7,2026,5
충남,14176.8,2026,5
전북,12714.9,2026,5
전남,12490.5,2026,5
경북,13549.8,2026,5
경남,15450.6,2026,5
제주,14760.9,2026,5
