제목,링크,썸네일,sizeheight,sizewidth
[홍은]통바지 데님 연청 여자 하이웨이스트 와이드 청바지 | 텐바이텐,https://thumbnail.10x10.co.kr/webimage/image/basic600/741/B007415375.jpg?cmd=thumb&w=500&h=500&fit=true&ws=false,https://search.pstatic.net/sunny/?type=b150&src=https%3A%2F%2Fthumbnail.10x10.co.kr%2Fwebimage%2Fimage%2Fbasic600%2F741%2FB007415375.jpg%3Fcmd%3Dthumb%26w%3D500%26h%3D500%26fit%3Dtrue%26ws%3Dfalse,500,500
여성용 와이드 하이웨스트 데님팬츠 데일리 청바지 5516,http://shopping.phinf.naver.net/main_5712970/57129708867.20251008173842.jpg,https://search.pstatic.net/common/?type=b150&src=http%3A%2F%2Fshopping.phinf.naver.net%2Fmain_5712970%2F57129708867.20251008173842.jpg,800,800
가을 겨울 일자핏 캐주얼 와이드 청바지 DNZK03 : 스마트 공장,http://shop1.phinf.naver.net/20241125_266/1732510278153wsFte_JPEG/15740131969823002_974136465.jpg,https://search.pstatic.net/common/?type=b150&src=http%3A%2F%2Fshop1.phinf.naver.net%2F20241125_266%2F1732510278153wsFte_JPEG%2F15740131969823002_974136465.jpg,916,750
여자 스키니진 스판 타이트 청바지 | 텐바이텐,https://thumbnail.10x10.co.kr/webimage/image/basic600/446/B004462242.jpg?cmd=thumb&w=500&h=500&fit=true&ws=false,https://search.pstatic.net/sunny/?type=b150&src=https%3A%2F%2Fthumbnail.10x10.co.kr%2Fwebimage%2Fimage%2Fbasic600%2F446%2FB004462242.jpg%3Fcmd%3Dthumb%26w%3D500%26h%3D500%26fit%3Dtrue%26ws%3Dfalse,500,500
남자 와이드 스랙스 9부 바지 가 남성 청바지 루즈한 스트레이트 리 광저우 : songsm0914,http://shop1.phinf.naver.net/20260331_151/1774920037558gnkDp_PNG/737525176343.png,https://search.pstatic.net/common/?type=b150&src=http%3A%2F%2Fshop1.phinf.naver.net%2F20260331_151%2F1774920037558gnkDp_PNG%2F737525176343.png,1000,750
남자밴딩청바지 세미와이드청바지 통청바지 : 윤팬츠,http://shop1.phinf.naver.net/20250902_117/1756778638679WVm39_JPEG/45595408444689758_1757798715.jpg,https://search.pstatic.net/common/?type=b150&src=http%3A%2F%2Fshop1.phinf.naver.net%2F20250902_117%2F1756778638679WVm39_JPEG%2F45595408444689758_1757798715.jpg,1000,1026
지앤제이 라이크 슬림 일자진 여자청바지 청바지,https://cdn2.halfclub.com/cdn/product/A7548/P375591065/1_P375591065_basic_1779952758915.jpg,https://search.pstatic.net/sunny/?type=b150&src=https%3A%2F%2Fcdn2.halfclub.com%2Fcdn%2Fproduct%2FA7548%2FP375591065%2F1_P375591065_basic_1779952758915.jpg,640,640
여성 데일리 핀턱 오버핏 배기 데님 청바지 | 텐바이텐,https://thumbnail.10x10.co.kr/webimage/image/basic600/459/B004597827.jpg?cmd=thumb&w=500&h=500&fit=true&ws=false,https://search.pstatic.net/sunny/?type=b150&src=https%3A%2F%2Fthumbnail.10x10.co.kr%2Fwebimage%2Fimage%2Fbasic600%2F459%2FB004597827.jpg%3Fcmd%3Dthumb%26w%3D500%26h%3D500%26fit%3Dtrue%26ws%3Dfalse,500,500
남성용 하계 캐주얼 빅사이즈 스판 얇은 일자 청바지 긴바지 프리미엄 패피2 : 소미152,https://shop-phinf.pstatic.net/20251023_1/1761203651990G1KOE_JPEG/7160725811192907_176903265.jpeg,https://search.pstatic.net/common/?type=b150&src=https%3A%2F%2Fshop-phinf.pstatic.net%2F20251023_1%2F1761203651990G1KOE_JPEG%2F7160725811192907_176903265.jpeg,800,800
바지 남친 캐주얼 봄 어울리는 청바지 일자 핏 비즈니스 빅사이즈 스트레이트 스판 신당 스트레이트핏 경량 admr1 : 사계절플로우,https://shop-phinf.pstatic.net/20250624_59/1750759175313oxQsp_JPEG/5370220565092316_1867932069.jpeg,https://search.pstatic.net/common/?type=b150&src=https%3A%2F%2Fshop-phinf.pstatic.net%2F20250624_59%2F1750759175313oxQsp_JPEG%2F5370220565092316_1867932069.jpeg,500,500
여자 여름 물놀이 워터파크 찢청 청바지 | 텐바이텐,https://thumbnail.10x10.co.kr/webimage/image/basic600/472/B004726018.jpg?cmd=thumb&w=500&h=500&fit=true&ws=false,https://search.pstatic.net/sunny/?type=b150&src=https%3A%2F%2Fthumbnail.10x10.co.kr%2Fwebimage%2Fimage%2Fbasic600%2F472%2FB004726018.jpg%3Fcmd%3Dthumb%26w%3D500%26h%3D500%26fit%3Dtrue%26ws%3Dfalse,500,500
남자 와이드 스랙스 9부 바지 짧은 남성용 청바지 루즈 스트레이트 트렌디 브랜드 남 : songsm0914,http://shop1.phinf.naver.net/20260331_127/1774920162956HTSsf_PNG/899139314039.png,https://search.pstatic.net/common/?type=b150&src=http%3A%2F%2Fshop1.phinf.naver.net%2F20260331_127%2F1774920162956HTSsf_PNG%2F899139314039.png,800,800
ASK 기본 페인팅 청바지 AP5MDP027,http://shopping.phinf.naver.net/main_5362828/5362828669.20130206121218.jpg,https://search.pstatic.net/common/?type=b150&src=http%3A%2F%2Fshopping.phinf.naver.net%2Fmain_5362828%2F5362828669.20130206121218.jpg,500,500
와이드 일자 디스트로이드 찢어진청바지 : LOOKON,http://shop1.phinf.naver.net/20230315_211/1678864091714gKilx_JPEG/79999919533051184_431901173.jpg,https://search.pstatic.net/common/?type=b150&src=http%3A%2F%2Fshop1.phinf.naver.net%2F20230315_211%2F1678864091714gKilx_JPEG%2F79999919533051184_431901173.jpg,1000,1000
남자 캐주얼 프리미엄 와이드핏 데님 청바지 KSM-JEA-SA0723010,https://cdn2.halfclub.com/cdn/product/A6894/P390094174/1_P390094174_basic_1742539475433.jpg,https://search.pstatic.net/sunny/?type=b150&src=https%3A%2F%2Fcdn2.halfclub.com%2Fcdn%2Fproduct%2FA6894%2FP390094174%2F1_P390094174_basic_1742539475433.jpg,1000,1000
Calvin Klein Jeans 스트레이트 청바지 111100018,http://shopping.phinf.naver.net/main_6623360/6623360662.20121011104602.jpg,https://search.pstatic.net/common/?type=b150&src=http%3A%2F%2Fshopping.phinf.naver.net%2Fmain_6623360%2F6623360662.20121011104602.jpg,500,500
남자 와이드 다리길어보이는 키작남 남자통 흑청 허벅돼청바지 : 맨앤시티,http://shop1.phinf.naver.net/20230912_189/1694524009555VQqIK_JPEG/7779237373365184_84040426.jpg,https://search.pstatic.net/common/?type=b150&src=http%3A%2F%2Fshop1.phinf.naver.net%2F20230912_189%2F1694524009555VQqIK_JPEG%2F7779237373365184_84040426.jpg,1000,1000
[아우라 5126번 여름] 난스판 얇은 와이드 청바지 : 천호동 호랑나비,http://shop1.phinf.naver.net/20250323_195/1742697101203eC2lI_JPEG/25129172168155400_1788285590.jpg,https://search.pstatic.net/common/?type=b150&src=http%3A%2F%2Fshop1.phinf.naver.net%2F20250323_195%2F1742697101203eC2lI_JPEG%2F25129172168155400_1788285590.jpg,1245,1080
남자와이드청바지 흑청바지 : 패션큐브,http://shop1.phinf.naver.net/20260227_21/1772118188562P4UsL_JPEG/106250980637142320_3341250.jpg,https://search.pstatic.net/common/?type=b150&src=http%3A%2F%2Fshop1.phinf.naver.net%2F20260227_21%2F1772118188562P4UsL_JPEG%2F106250980637142320_3341250.jpg,1000,1000
남자 엠브이피 밴딩 9부 스판 청바지 D03S14_pj2646 : 다꾸앙,http://shop1.phinf.naver.net/20230203_3/16753962243997WV9R_JPEG/105533_16.jpg,https://search.pstatic.net/common/?type=b150&src=http%3A%2F%2Fshop1.phinf.naver.net%2F20230203_3%2F16753962243997WV9R_JPEG%2F105533_16.jpg,1000,1000
제로시아 여성용 조거 청바지 스판 데님 팬츠 9부 밴딩 - 청바지 | 쿠팡,https://thumbnail.coupangcdn.com/thumbnails/remote/492x492ex/image/vendor_inventory/a561/7c138456f25ea8ac8ef524bc1984d6dd70d8ae4467a861996e5011bd1ebf.jpg,https://search.pstatic.net/sunny/?type=b150&src=https%3A%2F%2Fthumbnail.coupangcdn.com%2Fthumbnails%2Fremote%2F492x492ex%2Fimage%2Fvendor_inventory%2Fa561%2F7c138456f25ea8ac8ef524bc1984d6dd70d8ae4467a861996e5011bd1ebf.jpg,492,492
여자 하이웨스트 레그 와이드핏 찢어진 데님 청바지 : 수상한 만물상점,https://shop-phinf.pstatic.net/20250825_68/1756054628321CXCuk_JPEG/90187483234747964_381818022.jpg,https://search.pstatic.net/common/?type=b150&src=https%3A%2F%2Fshop-phinf.pstatic.net%2F20250825_68%2F1756054628321CXCuk_JPEG%2F90187483234747964_381818022.jpg,1000,1000
남성 봄 가을 얇은 청바지 중년 캐주얼 오피스룩 - 하의류 | 쿠팡,https://thumbnail.coupangcdn.com/thumbnails/remote/492x492ex/image/vendor_inventory/6932/d82549d7b9b255f51a58549e8faa9c2be59929bcfd019fd718753d0e323b.jpg,https://search.pstatic.net/sunny/?type=b150&src=https%3A%2F%2Fthumbnail.coupangcdn.com%2Fthumbnails%2Fremote%2F492x492ex%2Fimage%2Fvendor_inventory%2F6932%2Fd82549d7b9b255f51a58549e8faa9c2be59929bcfd019fd718753d0e323b.jpg,492,492
여자 핀턱 밴딩 배기 편한 데일리 펑퍼짐 청바지 | 텐바이텐,https://thumbnail.10x10.co.kr/webimage/image/basic600/380/B003808010.jpg?cmd=thumb&w=500&h=500&fit=true&ws=false,https://search.pstatic.net/sunny/?type=b150&src=https%3A%2F%2Fthumbnail.10x10.co.kr%2Fwebimage%2Fimage%2Fbasic600%2F380%2FB003808010.jpg%3Fcmd%3Dthumb%26w%3D500%26h%3D500%26fit%3Dtrue%26ws%3Dfalse,500,500
미니으니 여자 와이드 청바지 280 M,http://shopping.phinf.naver.net/main_5708966/57089665673.20251004201802.jpg,https://search.pstatic.net/common/?type=b150&src=http%3A%2F%2Fshopping.phinf.naver.net%2Fmain_5708966%2F57089665673.20251004201802.jpg,500,500
뱅뱅 쿨맥스 인밴드 레귤러핏 청바지 NQM168,http://shopping.phinf.naver.net/main_5893788/58937882869.20260623072327.jpg,https://search.pstatic.net/common/?type=b150&src=http%3A%2F%2Fshopping.phinf.naver.net%2Fmain_5893788%2F58937882869.20260623072327.jpg,1000,1000
피어니스트 여성용 슬림 스트레치 부츠컷 데님 청바지 - 청바지 | 쿠팡,https://thumbnail.coupangcdn.com/thumbnails/remote/492x492ex/image/rs_quotation_api/zrjdvsyx/b0f0b4a0a5124a309da77e93d63ad194.jpg,https://search.pstatic.net/sunny/?type=b150&src=https%3A%2F%2Fthumbnail.coupangcdn.com%2Fthumbnails%2Fremote%2F492x492ex%2Fimage%2Frs_quotation_api%2Fzrjdvsyx%2Fb0f0b4a0a5124a309da77e93d63ad194.jpg,492,492
[노보] 세미일자 10부 스판 인밴딩 와이핏 청바지 NG3JB31I18B11 | 스퀘어몰,https://shop-phinf.pstatic.net/20241016_297/1729064646848XxeOS_JPEG/%EB%88%84%EB%81%BC_%EB%AA%A8%EB%8D%B8_%EC%98%86_%EB%B3%B5%EC%82%AC.jpg?type=w860,https://search.pstatic.net/sunny/?type=b150&src=https%3A%2F%2Fshop-phinf.pstatic.net%2F20241016_297%2F1729064646848XxeOS_JPEG%2F%25EB%2588%2584%25EB%2581%25BC_%25EB%25AA%25A8%25EB%258D%25B8_%25EC%2598%2586_%25EB%25B3%25B5%25EC%2582%25AC.jpg%3Ftype%3Dw860,1146,860
뱅뱅 NFB471 여성 캣워싱 밴딩 크롭 와이드 청바지(NQM269) : NC동수원점 뱅뱅,http://shop1.phinf.naver.net/20260318_104/1773811906403SfMCx_JPEG/107944849538089361_873943557.JPG,https://search.pstatic.net/common/?type=b150&src=http%3A%2F%2Fshop1.phinf.naver.net%2F20260318_104%2F1773811906403SfMCx_JPEG%2F107944849538089361_873943557.JPG,1222,737
가죽자켓에 청바지면 꾸밈정도 얼마임 | 오르비 가죽자켓에 청바지면 꾸밈정도 얼마임 - 오르비,https://s3.orbi.kr/data/file/united2/f8e8c14149414a12a4bb6738bd4709bb.jpeg,https://search.pstatic.net/sunny/?type=b150&src=https%3A%2F%2Fs3.orbi.kr%2Fdata%2Ffile%2Funited2%2Ff8e8c14149414a12a4bb6738bd4709bb.jpeg,832,619
Vezri 여성용 여름 청바지 허리 밴딩 와이드 바지 8부 데님 팬츠 데일리룩,http://shopping.phinf.naver.net/main_6043242/60432425408.20260614003800.jpg,https://search.pstatic.net/common/?type=b150&src=http%3A%2F%2Fshopping.phinf.naver.net%2Fmain_6043242%2F60432425408.20260614003800.jpg,1000,1000
남성용 청바지 허리밴딩 : 핑쇼273,https://shop-phinf.pstatic.net/20260307_104/1772872251516Ilc7E_JPEG/2612396798414953_900126111.jpg,https://search.pstatic.net/common/?type=b150&src=https%3A%2F%2Fshop-phinf.pstatic.net%2F20260307_104%2F1772872251516Ilc7E_JPEG%2F2612396798414953_900126111.jpg,760,760
포인트 와이드 청바지 (1color) : 런인,http://shop1.phinf.naver.net/20220914_29/1663150612388uiyT2_JPEG/64286511081846612_1826082304.JPG,https://search.pstatic.net/common/?type=b150&src=http%3A%2F%2Fshop1.phinf.naver.net%2F20220914_29%2F1663150612388uiyT2_JPEG%2F64286511081846612_1826082304.JPG,1514,1514
디키즈 디키즈 FARNER 청바지 데님 팬츠 여성 25 Rinsed Fade,http://shopping.phinf.naver.net/main_5884528/58845287522.20260207215503.jpg,https://search.pstatic.net/common/?type=b150&src=http%3A%2F%2Fshopping.phinf.naver.net%2Fmain_5884528%2F58845287522.20260207215503.jpg,1000,1000
에일리 쏘쿨 스판 청바지 (S/M/L)_럭스위즈닷컴 에일리 쏘쿨 스판 청바지 (S/M/L),https://www.luxwiz.com/web/upload/NNEditor/20240409/copy-1712595963-30.jpg,https://search.pstatic.net/sunny/?type=b150&src=https%3A%2F%2Fwww.luxwiz.com%2Fweb%2Fupload%2FNNEditor%2F20240409%2Fcopy-1712595963-30.jpg,1520,1000
데일리 여성 와이드 청바지 LK-HB02 루즈핏 중청바지 일자 데님 : 업소용 제이지 스토어,https://shop-phinf.pstatic.net/20260601_4/17803222005933Ir5j_JPEG/93811458968781519_1656834481.jpeg,https://search.pstatic.net/common/?type=b150&src=https%3A%2F%2Fshop-phinf.pstatic.net%2F20260601_4%2F17803222005933Ir5j_JPEG%2F93811458968781519_1656834481.jpeg,600,600
여성 와이드핏 리본 데님 팬츠 청바지 이누마켓 : inumarket 이누마켓,http://shop1.phinf.naver.net/20250820_105/1755677850730Y3GLw_JPEG/31295901176973752_1784486447.jpg,https://search.pstatic.net/common/?type=b150&src=http%3A%2F%2Fshop1.phinf.naver.net%2F20250820_105%2F1755677850730Y3GLw_JPEG%2F31295901176973752_1784486447.jpg,1280,960
그레이썸 구제 일자 밑단컷팅 키작녀 청바지 | 텐바이텐,https://thumbnail.10x10.co.kr/webimage/image/basic600/234/B002348007.jpg?cmd=thumb&w=500&h=500&fit=true&ws=false,https://search.pstatic.net/sunny/?type=b150&src=https%3A%2F%2Fthumbnail.10x10.co.kr%2Fwebimage%2Fimage%2Fbasic600%2F234%2FB002348007.jpg%3Fcmd%3Dthumb%26w%3D500%26h%3D500%26fit%3Dtrue%26ws%3Dfalse,500,500
남성와이드팬츠 남성용 여름 얇은 청바지 루즈한 스트레이트 와이드 캐주얼 바지 중 밝은 색 : songsm0914,http://shop1.phinf.naver.net/20260401_21/1775027348449Fhj3l_PNG/832658272937_4.png,https://search.pstatic.net/common/?type=b150&src=http%3A%2F%2Fshop1.phinf.naver.net%2F20260401_21%2F1775027348449Fhj3l_PNG%2F832658272937_4.png,1000,750
남자 청바지 데님 팬츠 BSIP027 허리 밴딩 와이드 빅사 | 빌리버스 - 하프클럽,https://cdn2.halfclub.com/cdn/product/SA004426/P370906782/1_P370906782_basic_1763081890071.jpg,https://search.pstatic.net/sunny/?type=b150&src=https%3A%2F%2Fcdn2.halfclub.com%2Fcdn%2Fproduct%2FSA004426%2FP370906782%2F1_P370906782_basic_1763081890071.jpg,600,600
여성 가을 데일리 연청바지 데님팬츠 청바지 여성데님팬츠 패션바지 밴딩바지 : 부영이네마켓,https://shop-phinf.pstatic.net/20260525_44/1779692064584nXs4X_JPEG/137024486743703283_559476544.jpg,https://search.pstatic.net/common/?type=b150&src=https%3A%2F%2Fshop-phinf.pstatic.net%2F20260525_44%2F1779692064584nXs4X_JPEG%2F137024486743703283_559476544.jpg,1000,1000
원가이하선착순세일 기장선택 데일르 난스판 스트레이트 와이드 데님 청바지,http://shopping.phinf.naver.net/main_5665469/56654692319.3.20250910113910.jpg,https://search.pstatic.net/common/?type=b150&src=http%3A%2F%2Fshopping.phinf.naver.net%2Fmain_5665469%2F56654692319.3.20250910113910.jpg,2440,1830
TBJ 스트레이트 기본 청바지 T115DP431P,http://shopping.phinf.naver.net/main_5723534/5723534755.1.20130308105836.jpg,https://search.pstatic.net/common/?type=b150&src=http%3A%2F%2Fshopping.phinf.naver.net%2Fmain_5723534%2F5723534755.1.20130308105836.jpg,500,500
일자청바지 남자바지 청바지 슬림핏 긴바지 캐주얼 데일리 고무줄 일자 남성,http://shopping.phinf.naver.net/main_5852843/58528431051.4.20260224144931.jpg,https://search.pstatic.net/common/?type=b150&src=http%3A%2F%2Fshopping.phinf.naver.net%2Fmain_5852843%2F58528431051.4.20260224144931.jpg,800,800
미국 리바이즈 남성용 505 정규 핏 청바지 미디엄 워시 005051614 383420027358 : 텐빌리언데이,https://shop-phinf.pstatic.net/20260424_216/17770070723239BCFA_JPEG/31570590920131553_553412648.jpg,https://search.pstatic.net/common/?type=b150&src=https%3A%2F%2Fshop-phinf.pstatic.net%2F20260424_216%2F17770070723239BCFA_JPEG%2F31570590920131553_553412648.jpg,600,600
쥬엔리치 남자 청바지 고탄력 스트레이트 JR237 44,http://shopping.phinf.naver.net/main_5715773/57157733430.20251011012647.jpg,https://search.pstatic.net/common/?type=b150&src=http%3A%2F%2Fshopping.phinf.naver.net%2Fmain_5715773%2F57157733430.20251011012647.jpg,1000,1000
[스미스마켓] 끌로에 여성용 청바지 여성의류,https://cdn2.halfclub.com/cdn/product/SA000387/P408545675/1_P408545675_basic_1767685810282.jpg,https://search.pstatic.net/sunny/?type=b150&src=https%3A%2F%2Fcdn2.halfclub.com%2Fcdn%2Fproduct%2FSA000387%2FP408545675%2F1_P408545675_basic_1767685810282.jpg,600,600
[원가이하선착순세일]스트레이트 하이웨스트 와이드 일자 데님 청바지 : 행복한여자,http://shop1.phinf.naver.net/20230109_116/16732500326900CA8D_JPEG/74385812214901515_185247311.jpg,https://search.pstatic.net/common/?type=b150&src=http%3A%2F%2Fshop1.phinf.naver.net%2F20230109_116%2F16732500326900CA8D_JPEG%2F74385812214901515_185247311.jpg,2424,1818
3컬러 CM 빈티지 와이드 청바지,http://shopping.phinf.naver.net/main_5940276/59402764654.3.20260327163527.jpg,https://search.pstatic.net/common/?type=b150&src=http%3A%2F%2Fshopping.phinf.naver.net%2Fmain_5940276%2F59402764654.3.20260327163527.jpg,4032,3024
하이웨스트 세미 부츠컷 중청 데님 청바지 : 영앤핏,http://shop1.phinf.naver.net/20201014_266/1602656126411Gt6MC_JPEG/3791954230137854_1700658751.jpeg,https://search.pstatic.net/common/?type=b150&src=http%3A%2F%2Fshop1.phinf.naver.net%2F20201014_266%2F1602656126411Gt6MC_JPEG%2F3791954230137854_1700658751.jpeg,1000,1000
드옴크 청바지,http://shopping.phinf.naver.net/main_9096789/9096789295.1.20151123145849.jpg,https://search.pstatic.net/common/?type=b150&src=http%3A%2F%2Fshopping.phinf.naver.net%2Fmain_9096789%2F9096789295.1.20151123145849.jpg,500,500
캐주얼 봄 데일리 청바지 일자핏 님성 스판 다올1 : 수노바,https://shop-phinf.pstatic.net/20260424_24/1777025698671UcNb1_JPEG/41538389201227050_91937282.jpeg,https://search.pstatic.net/common/?type=b150&src=https%3A%2F%2Fshop-phinf.pstatic.net%2F20260424_24%2F1777025698671UcNb1_JPEG%2F41538389201227050_91937282.jpeg,500,500
남자 세상편한 허리밴딩 스트레이트 일자핏 통 청바지 데님팬츠 덴님 남자찢청 워싱 : 현이네 점빵,https://shop-phinf.pstatic.net/20260128_284/1769599441008mfPLu_JPEG/51677633486816244_1612737193.jpg,https://search.pstatic.net/common/?type=b150&src=https%3A%2F%2Fshop-phinf.pstatic.net%2F20260128_284%2F1769599441008mfPLu_JPEG%2F51677633486816244_1612737193.jpg,1000,1000
SOUP 일자 청바지 LO4DP70,http://shopping.phinf.naver.net/main_6580359/6580359467.2.20120912114047.jpg,https://search.pstatic.net/common/?type=b150&src=http%3A%2F%2Fshopping.phinf.naver.net%2Fmain_6580359%2F6580359467.2.20120912114047.jpg,500,500
여성용 바지 봄 빈티지 와이드 청바지 하이웨스트 스판 원픽1 : 원픽 다빈스토어,https://shop-phinf.pstatic.net/20251029_74/176174362314085zqN_JPEG/24208838267024175_269250404.jpeg,https://search.pstatic.net/common/?type=b150&src=https%3A%2F%2Fshop-phinf.pstatic.net%2F20251029_74%2F176174362314085zqN_JPEG%2F24208838267024175_269250404.jpeg,1000,1000
JJ 남자 블루 워싱 스판 밴딩 청바지 : 피롯,http://shop1.phinf.naver.net/20240311_284/1710134385910Bpado_JPEG/111270220732784965_838949113.JPG,https://search.pstatic.net/common/?type=b150&src=http%3A%2F%2Fshop1.phinf.naver.net%2F20240311_284%2F1710134385910Bpado_JPEG%2F111270220732784965_838949113.JPG,3424,2672
아르마니진 청바지 빈티지 연청 일자 데님 사이즈30,http://shopping.phinf.naver.net/main_5989633/59896332545.20260503145440.jpg,https://search.pstatic.net/common/?type=b150&src=http%3A%2F%2Fshopping.phinf.naver.net%2Fmain_5989633%2F59896332545.20260503145440.jpg,1000,1000
♥ H O T P I N G ♥ 이런 딱 기본 와이드 청바지 가지고 싶었는데 찾게되어 구매했습니다! 하이웨스트인만큼사용후기 - 핫핑,https://www.hotping.co.kr/file_data/sseoqkr7/2026/01/02/e17859fd3269776427c4791f2cad6ece.jpg,https://search.pstatic.net/sunny/?type=b150&src=https%3A%2F%2Fwww.hotping.co.kr%2Ffile_data%2Fsseoqkr7%2F2026%2F01%2F02%2Fe17859fd3269776427c4791f2cad6ece.jpg,1024,1024
남성 빅사이즈 루즈핏 데님 팬츠 와이드 청바지 : 새하얀 자국,http://shop1.phinf.naver.net/20260107_87/1767797559046F9q0L_PNG/4131711946986070_1058209477.png,https://search.pstatic.net/common/?type=b150&src=http%3A%2F%2Fshop1.phinf.naver.net%2F20260107_87%2F1767797559046F9q0L_PNG%2F4131711946986070_1058209477.png,800,800
티류으스 여성 봄가을 큐빅 장식 청바지 보석 데님 긴바지 진 ZR 연한,http://shopping.phinf.naver.net/main_6033581/60335813537.20260607005905.jpg,https://search.pstatic.net/common/?type=b150&src=http%3A%2F%2Fshopping.phinf.naver.net%2Fmain_6033581%2F60335813537.20260607005905.jpg,800,800
인어미남 남성 봄 캐주얼 스판 일자 청바지 워싱 데님 팬츠 블루그레이 31,http://shopping.phinf.naver.net/main_5409591/54095914828.20250411002034.jpg,https://search.pstatic.net/common/?type=b150&src=http%3A%2F%2Fshopping.phinf.naver.net%2Fmain_5409591%2F54095914828.20250411002034.jpg,800,800
SAHINER 여성 와이드 청바지 JR02 - 청바지 | 쿠팡,https://thumbnail.coupangcdn.com/thumbnails/remote/492x492ex/image/vendor_inventory/87db/36c9a9a596c80841a52d09f7f9827940ee8a3a9b90b70ea8956809d2ff34.jpg,https://search.pstatic.net/sunny/?type=b150&src=https%3A%2F%2Fthumbnail.coupangcdn.com%2Fthumbnails%2Fremote%2F492x492ex%2Fimage%2Fvendor_inventory%2F87db%2F36c9a9a596c80841a52d09f7f9827940ee8a3a9b90b70ea8956809d2ff34.jpg,492,492
원더우면 남자 일자핏 청바지 봄가을 스판 슬림팬츠 캐주얼 OPH3 : 원더우걸,https://shop-phinf.pstatic.net/20241216_6/1734325013905IfnPA_PNG/59713378540446984_1845945924.png,https://search.pstatic.net/common/?type=b150&src=https%3A%2F%2Fshop-phinf.pstatic.net%2F20241216_6%2F1734325013905IfnPA_PNG%2F59713378540446984_1845945924.png,1000,1000
남성 사계절 청바지 루즈핏 남자 데일리 캐주얼 데님 바지 블루그레이 33,http://shopping.phinf.naver.net/main_5700637/57006375116.20250930202502.jpg,https://search.pstatic.net/common/?type=b150&src=http%3A%2F%2Fshopping.phinf.naver.net%2Fmain_5700637%2F57006375116.20250930202502.jpg,800,800
여자청바지 청바지 여성청바지 여성청바지여름용 여성의류 여성청반바지 - 하의류 | 쿠팡,https://thumbnail.coupangcdn.com/thumbnails/remote/492x492ex/image/vendor_inventory/9d60/ca3718700503f864ed334de068aea67edd17a7a17fd2a1b04800fb20e839.jpg,https://search.pstatic.net/sunny/?type=b150&src=https%3A%2F%2Fthumbnail.coupangcdn.com%2Fthumbnails%2Fremote%2F492x492ex%2Fimage%2Fvendor_inventory%2F9d60%2Fca3718700503f864ed334de068aea67edd17a7a17fd2a1b04800fb20e839.jpg,492,492
리즈코 빈티지 남성 데님팬츠 청바지 밑단절단 일자 루즈핏 : 나카자난,https://shop-phinf.pstatic.net/20260419_35/1776541962155H98y3_JPEG/52160037625396540_1165331589.jpg,https://search.pstatic.net/common/?type=b150&src=https%3A%2F%2Fshop-phinf.pstatic.net%2F20260419_35%2F1776541962155H98y3_JPEG%2F52160037625396540_1165331589.jpg,640,640
일자핏 세미와이드청바지 여름청바지 : 인천상점,https://shop-phinf.pstatic.net/20250628_14/1751037195815MGOhi_JPEG/65365300696435755_155441262.jpg,https://search.pstatic.net/common/?type=b150&src=https%3A%2F%2Fshop-phinf.pstatic.net%2F20250628_14%2F1751037195815MGOhi_JPEG%2F65365300696435755_155441262.jpg,1000,1000
AOKADA 남성 스판 데님 팬츠 봄 가을 루즈핏 일자 통 청바지,http://shopping.phinf.naver.net/main_5687128/56871285232.20250923011326.jpg,https://search.pstatic.net/common/?type=b150&src=http%3A%2F%2Fshopping.phinf.naver.net%2Fmain_5687128%2F56871285232.20250923011326.jpg,900,900
뱅뱅여성 뒷밴드 와이드 스판 청바지 NQK169 - 후크/걸고리 | 쿠팡,https://thumbnail.coupangcdn.com/thumbnails/remote/492x492ex/image/vendor_inventory/847f/5dcf0ea505b22b76e44538a9518cffccda4507a5e32c78ab23f00766b2b5.jpg,https://search.pstatic.net/sunny/?type=b150&src=https%3A%2F%2Fthumbnail.coupangcdn.com%2Fthumbnails%2Fremote%2F492x492ex%2Fimage%2Fvendor_inventory%2F847f%2F5dcf0ea505b22b76e44538a9518cffccda4507a5e32c78ab23f00766b2b5.jpg,492,492
남성청바지 봄여름 스판 슬림 일자 9부바지 데님팬츠 k25 : 심쿵직구,https://shop-phinf.pstatic.net/20260423_3/1776925019995yT03k_JPEG/111460427966009603_1253947687.jpg,https://search.pstatic.net/common/?type=b150&src=https%3A%2F%2Fshop-phinf.pstatic.net%2F20260423_3%2F1776925019995yT03k_JPEG%2F111460427966009603_1253947687.jpg,800,800
칼주름 일자핏청바지 연청바지  S M L 출근룩 : 바이블 byble,http://shop1.phinf.naver.net/20230712_130/1689166885209yzpmJ_JPEG/5629772559751491_898984047.JPG,https://search.pstatic.net/common/?type=b150&src=http%3A%2F%2Fshop1.phinf.naver.net%2F20230712_130%2F1689166885209yzpmJ_JPEG%2F5629772559751491_898984047.JPG,1704,1704
2P 남성 캐주얼 데님 팬츠 일자핏 통 청바지 슬림 팬츠 데일리룩 31,http://shopping.phinf.naver.net/main_6043216/60432167972.20260613231902.jpg,https://search.pstatic.net/common/?type=b150&src=http%3A%2F%2Fshopping.phinf.naver.net%2Fmain_6043216%2F60432167972.20260613231902.jpg,800,800
알리팡 아동 데님 찢어진 청바지,http://shopping.phinf.naver.net/main_6055496/60554969021.20260622212842.jpg,https://search.pstatic.net/common/?type=b150&src=http%3A%2F%2Fshopping.phinf.naver.net%2Fmain_6055496%2F60554969021.20260622212842.jpg,800,800
여성용 청바지 탄성 부드러운 높은 허리 다리 TWE STR 넓은 코튼 포켓 블렌드 Bla S : 샵파라다이스,http://shop1.phinf.naver.net/20260205_50/1770269455508g4shy_JPEG/104402247612413368_344025590.jpg,https://search.pstatic.net/common/?type=b150&src=http%3A%2F%2Fshop1.phinf.naver.net%2F20260205_50%2F1770269455508g4shy_JPEG%2F104402247612413368_344025590.jpg,1000,1000
남자청바지 사계절 스트레이트 꾸안꾸룩 스트리트 스판 9부 데님팬츠 : 웨일리,https://shop-phinf.pstatic.net/20250915_78/1757938891524FJnzN_JPEG/91404626331741243_827439378.jpg,https://search.pstatic.net/common/?type=b150&src=https%3A%2F%2Fshop-phinf.pstatic.net%2F20250915_78%2F1757938891524FJnzN_JPEG%2F91404626331741243_827439378.jpg,1000,1000
후니오 남성일자청바지 여름 일자핏 청바지 와이드 일자 캐주얼 팬츠 UNO2 : 후니오124,https://shop-phinf.pstatic.net/20250327_99/1743045991539oRLez_JPEG/76522542585184273_1000283872.jpeg,https://search.pstatic.net/common/?type=b150&src=https%3A%2F%2Fshop-phinf.pstatic.net%2F20250327_99%2F1743045991539oRLez_JPEG%2F76522542585184273_1000283872.jpeg,1000,1000
겨울 일자 청바지 남성 스트레이트핏 추동 빈티지 프리미엄 라이트 스트레이트 스판 9부 캐주얼 바지 admr4 : 사계절플로우,https://shop-phinf.pstatic.net/20251202_23/1764622492255td6bS_JPEG/19149475043182943_563868578.jpeg,https://search.pstatic.net/common/?type=b150&src=https%3A%2F%2Fshop-phinf.pstatic.net%2F20251202_23%2F1764622492255td6bS_JPEG%2F19149475043182943_563868578.jpeg,800,600
여름 빅 사이즈 얇은 일자핏 루즈핏 와이드 찢어진 청바지 NZPDKX04 : 스마트 공장,http://shop1.phinf.naver.net/20250527_14/1748308685258NOs2j_JPEG/62193964034164121_1101863230.jpg,https://search.pstatic.net/common/?type=b150&src=http%3A%2F%2Fshop1.phinf.naver.net%2F20250527_14%2F1748308685258NOs2j_JPEG%2F62193964034164121_1101863230.jpg,1200,1200
작업복 배기핏 남자와이드청바지 데님팬츠,http://shopping.phinf.naver.net/main_6044223/60442239997.20260614170730.jpg,https://search.pstatic.net/common/?type=b150&src=http%3A%2F%2Fshopping.phinf.naver.net%2Fmain_6044223%2F60442239997.20260614170730.jpg,1000,1000
겨울 남성 슬림 스판 기모 9부 청바지 zy - 청바지 | 쿠팡,https://thumbnail.coupangcdn.com/thumbnails/remote/492x492ex/image/vendor_inventory/be27/1757bf636a7e435d52e1c242b0b7590fb0091fc206a5d65bbbcfae8e4330.jpg,https://search.pstatic.net/sunny/?type=b150&src=https%3A%2F%2Fthumbnail.coupangcdn.com%2Fthumbnails%2Fremote%2F492x492ex%2Fimage%2Fvendor_inventory%2Fbe27%2F1757bf636a7e435d52e1c242b0b7590fb0091fc206a5d65bbbcfae8e4330.jpg,492,492
치유쿠 봄여름 빅 사이즈 여성 허리밴딩 플라워 자수 7부 청바지 이미지색 L,http://shopping.phinf.naver.net/main_5906930/59069305572.20260226231906.jpg,https://search.pstatic.net/common/?type=b150&src=http%3A%2F%2Fshopping.phinf.naver.net%2Fmain_5906930%2F59069305572.20260226231906.jpg,800,800
HotCode 테이퍼드 청바지 크롭 HC615,http://shopping.phinf.naver.net/main_3654514/36545148669.20260711071938.jpg,https://search.pstatic.net/common/?type=b150&src=http%3A%2F%2Fshopping.phinf.naver.net%2Fmain_3654514%2F36545148669.20260711071938.jpg,1000,1000
DOHC 청바지 DS1MDP231,http://shopping.phinf.naver.net/main_6232006/6232006208.1.20120407103512.jpg,https://search.pstatic.net/common/?type=b150&src=http%3A%2F%2Fshopping.phinf.naver.net%2Fmain_6232006%2F6232006208.1.20120407103512.jpg,500,500
besteffie 와이드 청바지 여성 밑단 수술장식 밴딩 와이드 썸머 데님 팬츠 엄마 E88,http://shopping.phinf.naver.net/main_5006886/50068864084.2.20240831141414.jpg,https://search.pstatic.net/common/?type=b150&src=http%3A%2F%2Fshopping.phinf.naver.net%2Fmain_5006886%2F50068864084.2.20240831141414.jpg,1000,1000
리바이스 5부 청바지 49139-0001,http://shopping.phinf.naver.net/main_6451586/6451586597.20120716161326.jpg,https://search.pstatic.net/common/?type=b150&src=http%3A%2F%2Fshopping.phinf.naver.net%2Fmain_6451586%2F6451586597.20120716161326.jpg,500,500
무릎 트임 구제 청바지 : 옷 고르는 재미-롱본,http://shop1.phinf.naver.net/20260426_3/1777162971138u2NIv_JPEG/49130461250824706_1845185473.jpg,https://search.pstatic.net/common/?type=b150&src=http%3A%2F%2Fshop1.phinf.naver.net%2F20260426_3%2F1777162971138u2NIv_JPEG%2F49130461250824706_1845185473.jpg,1000,1000
해피유통남성 루즈핏 청바지 트렌디한 찢어진 디자인XG03 M 푸른 색,http://shopping.phinf.naver.net/main_5804601/58046014662.20251206235621.jpg,https://search.pstatic.net/common/?type=b150&src=http%3A%2F%2Fshopping.phinf.naver.net%2Fmain_5804601%2F58046014662.20251206235621.jpg,800,800
뱅뱅 세이브존02 여름밴드와이드스판8부청바지 NQL353,https://cdn2.halfclub.com/cdn/product/SA004426/P396830466/1_P396830466_basic_1782526418517.jpg,https://search.pstatic.net/sunny/?type=b150&src=https%3A%2F%2Fcdn2.halfclub.com%2Fcdn%2Fproduct%2FSA004426%2FP396830466%2F1_P396830466_basic_1782526418517.jpg,600,600
TKX 여성용 넓은 핏 청바지 허리밴드 나비 장식 데님 팬츠 귀여운 디자인,http://shopping.phinf.naver.net/main_5905328/59053288421.20260225225809.jpg,https://search.pstatic.net/common/?type=b150&src=http%3A%2F%2Fshopping.phinf.naver.net%2Fmain_5905328%2F59053288421.20260225225809.jpg,1000,1000
인터메조 캐주얼 청바지 67P0603,http://shopping.phinf.naver.net/main_6802520/6802520559.2.20130318173823.jpg,https://search.pstatic.net/common/?type=b150&src=http%3A%2F%2Fshopping.phinf.naver.net%2Fmain_6802520%2F6802520559.2.20130318173823.jpg,500,500
여성 워싱 빈티지 청바지 9부 데님팬츠 28 연청,http://shopping.phinf.naver.net/main_6055549/60555498930.20260623000926.jpg,https://search.pstatic.net/common/?type=b150&src=http%3A%2F%2Fshopping.phinf.naver.net%2Fmain_6055549%2F60555498930.20260623000926.jpg,852,852
남성 청바지 여름 스판 캐주얼 반바지 일자 5부 16. 2538-9 블루그레이 33 : 스포마켓365G16,http://shop1.phinf.naver.net/20260714_290/1784001108769NTxcI_JPEG/O1CN01Urezje1f5tuX2BtJ6_2842403956-0-cib_translated.jpg,https://search.pstatic.net/common/?type=b150&src=http%3A%2F%2Fshop1.phinf.naver.net%2F20260714_290%2F1784001108769NTxcI_JPEG%2FO1CN01Urezje1f5tuX2BtJ6_2842403956-0-cib_translated.jpg,800,800
여성 여름 일자핏 청바지 라이트 블루 와이드 레그 9 포인트 사람들 2026 : 에타직구,http://shop1.phinf.naver.net/20260501_141/1777628411786jUIb0_JPEG/1032593084433_2.jpg,https://search.pstatic.net/common/?type=b150&src=http%3A%2F%2Fshop1.phinf.naver.net%2F20260501_141%2F1777628411786jUIb0_JPEG%2F1032593084433_2.jpg,2000,1500
셀럽당 1 1여름 얇은 청바지 남자 스트레이트 와이드 스판 남자 바지 그레이블루 28 C01067,http://shopping.phinf.naver.net/main_5960766/59607662588.20260409235817.jpg,https://search.pstatic.net/common/?type=b150&src=http%3A%2F%2Fshopping.phinf.naver.net%2Fmain_5960766%2F59607662588.20260409235817.jpg,1000,1000
알리팡 여아 기모안감 청바지 와이드핏 데님 팬츠 2개 - 의류 | 쿠팡,https://thumbnail.coupangcdn.com/thumbnails/remote/492x492ex/image/vendor_inventory/5ac1/cfa7e7564b86883ad382648b30713808f73431bb588622fb5694d25e1aff.jpg,https://search.pstatic.net/sunny/?type=b150&src=https%3A%2F%2Fthumbnail.coupangcdn.com%2Fthumbnails%2Fremote%2F492x492ex%2Fimage%2Fvendor_inventory%2F5ac1%2Fcfa7e7564b86883ad382648b30713808f73431bb588622fb5694d25e1aff.jpg,492,492
MOSAIRATION 여성 청바지 하이웨스트 캐주얼 스트레이트 데님 팬츠 M0011214,http://shopping.phinf.naver.net/main_5905233/59052339682.20260225203309.jpg,https://search.pstatic.net/common/?type=b150&src=http%3A%2F%2Fshopping.phinf.naver.net%2Fmain_5905233%2F59052339682.20260225203309.jpg,1000,1000
여성 바지 빈티지 캐주얼 가을 청바지 데님바지 엘보 배기핏 와이드 워싱 데일룩 DAOL3 : 또바기 스토리,https://shop-phinf.pstatic.net/20260225_102/1772026326294knmy2_JPEG/17651518277285563_1828632372.jpeg,https://search.pstatic.net/common/?type=b150&src=https%3A%2F%2Fshop-phinf.pstatic.net%2F20260225_102%2F1772026326294knmy2_JPEG%2F17651518277285563_1828632372.jpeg,500,500
여성 슬림핏 하이웨이스트 데님 청바지 봄 와이드 스트레이트 크롭 : 하유유통,https://shop-phinf.pstatic.net/20260605_15/1780647523181fL90t_JPEG/60041470290489220_709064148.jpg,https://search.pstatic.net/common/?type=b150&src=https%3A%2F%2Fshop-phinf.pstatic.net%2F20260605_15%2F1780647523181fL90t_JPEG%2F60041470290489220_709064148.jpg,800,800
타미힐피거 기본 워싱 청바지 EMM3PD91A,http://shopping.phinf.naver.net/main_6623271/6623271269.2.20121011120311.jpg,https://search.pstatic.net/common/?type=b150&src=http%3A%2F%2Fshopping.phinf.naver.net%2Fmain_6623271%2F6623271269.2.20121011120311.jpg,500,500
TKX 남성 복고풍 자수 디테일 와이드 청바지 캐주얼 스타일 봄가을 워싱 편한 사진색,http://shopping.phinf.naver.net/main_5874184/58741848996.20260131212812.jpg,https://search.pstatic.net/common/?type=b150&src=http%3A%2F%2Fshopping.phinf.naver.net%2Fmain_5874184%2F58741848996.20260131212812.jpg,1000,1000
